"","attr","meanImp","medianImp","minImp","maxImp","normHits","decision","Rank","Model"
"1","Mkt.Size",17.3321102651565,18.1658125314981,6.68227993990652,21.4641102746203,1,"Confirmed","1","31sNPVProfit1Regret"
"2","Mkt.Strat.2",14.8956972540031,15.8728077201235,5.6033201085429,18.9265655089114,1,"Confirmed","2","31sNPVProfit1Regret"
"3","Mkt.Strat.4",14.5917195556706,15.6628242143779,5.16690575064603,17.716263268376,0.98989898989899,"Confirmed","3","31sNPVProfit1Regret"
"4","Sens.Attract.Price",6.9950864500365,7.12956240627939,3.3916127707072,10.4972223109947,0.939393939393939,"Confirmed","4","31sNPVProfit1Regret"
"5","Patent.Perf.Slope",6.57625402623312,6.59051735621743,3.09573888219638,9.03957908884337,0.929292929292929,"Confirmed","5","31sNPVProfit1Regret"
"6","Cap.Utiliz.",3.87073353268574,3.93182619807035,-0.157325667804728,7.94751630707439,0.767676767676768,"Confirmed","6","31sNPVProfit1Regret"
"7","Rep.Delay",2.99278697907909,3.09005907074979,0.115888636631249,6.13519213328258,0.626262626262626,"Tentative","7","31sNPVProfit1Regret"
"8","Tgt.Mkt.Share.2",2.98050596409063,3.0521869670801,-1.28653918185486,5.66859865843574,0.646464646464647,"Tentative","8","31sNPVProfit1Regret"
"9","Cap.Acqui.Delay",1.35317981038309,1.4807295869661,-1.01487335850995,2.647298826207,0,"Rejected","9","31sNPVProfit1Regret"
"10","Sens.Attract.Perf.",0.576066850868789,0.595792284768315,-0.792808795267728,1.82292197085439,0,"Rejected","10","31sNPVProfit1Regret"
"11","Patent.Useful.Time",0.473984228623285,0.565950181409651,-1.58779581380538,2.17413005000664,0,"Rejected","11","31sNPVProfit1Regret"
"12","Sens.Price.Demmand.Suppl.",0.0866886233460172,0.386080119333947,-2.02087353847873,2.28262500572223,0,"Rejected","12","31sNPVProfit1Regret"
"13","Demand.Elastic.",0.0927787745088706,0.266818036089736,-1.44493424072454,1.14456162561431,0,"Rejected","13","31sNPVProfit1Regret"
"14","Patent.Eval.Time",-0.183470612943094,0.199882111998224,-1.68278765162458,0.762848139702959,0,"Rejected","14","31sNPVProfit1Regret"
"15","Init.Reord.Share",0.315800268793112,0.144487787342823,-1.28119843081315,2.28630760188918,0,"Rejected","15","31sNPVProfit1Regret"
"16","Fixed.Var.Ratio.",0.0769003237699705,0.0612935962848495,-1.49778937864374,1.36272915398436,0,"Rejected","16","31sNPVProfit1Regret"
"17","Rej.Ratio",-0.0696566854830368,-0.00705865250576823,-1.26564491906178,1.41715897135788,0,"Rejected","17","31sNPVProfit1Regret"
"18","Sens.Price.Share",-0.104024736964695,-0.0693859057904825,-1.54512820703114,1.67823517501391,0,"Rejected","18","31sNPVProfit1Regret"
"19","Mkt.Strat.3",-0.326776892078594,-0.217219750220017,-1.40237348308485,0.939344746927534,0,"Rejected","19","31sNPVProfit1Regret"
"20","RD.Real.Time",-0.11695696904314,-0.272621327440292,-2.27316385688247,1.9658607876998,0,"Rejected","20","31sNPVProfit1Regret"
"21","Open.RD.2",-0.601611078506788,-0.29271642497185,-2.42415672557603,1.83990236151622,0,"Rejected","21","31sNPVProfit1Regret"
"22","Tgt.Mkt.Share.3",-0.434323131324697,-0.332643158259422,-2.41256324025177,1.12480602409973,0,"Rejected","22","31sNPVProfit1Regret"
"23","Inov.Adop.Fract.",-0.176965593547646,-0.375993864687515,-1.33265754960087,1.25324881685895,0,"Rejected","23","31sNPVProfit1Regret"
"24","RD.Budgt.3",-0.71424639802528,-0.418947773360015,-2.70496123903382,1.42851529703786,0,"Rejected","24","31sNPVProfit1Regret"
"25","RD.Budgt.2",-0.694280284416071,-0.479568396362039,-2.01492911186158,0.947233185070143,0,"Rejected","25","31sNPVProfit1Regret"
"26","Learn.Curv.Str.",-0.740475682645672,-0.501029926930097,-2.88542569149119,1.35403157057727,0,"Rejected","26","31sNPVProfit1Regret"
"27","Sens.Price.Cost",-0.525962690765602,-0.538935573553988,-2.10175720592255,1.02331313490397,0,"Rejected","27","31sNPVProfit1Regret"
"28","Discard.Rate",-0.539743619276612,-0.55160699678498,-2.70218903032047,1.34779842100244,0,"Rejected","28","31sNPVProfit1Regret"
"29","Open.RD.3",-0.660134023438228,-0.609332830090058,-2.15016040892347,0.252008303915591,0,"Rejected","29","31sNPVProfit1Regret"
"30","Open.RD.4",-0.418741299083717,-0.620914909717981,-1.34883070512619,1.09726195482853,0,"Rejected","30","31sNPVProfit1Regret"
"31","Patent.Cost",-0.565718740896597,-0.765439934482954,-2.19423819231468,0.711496046948169,0,"Rejected","31","31sNPVProfit1Regret"
"32","RD.Budgt.4",-0.698691037953849,-0.824585297999186,-2.20107873997026,1.36232421939169,0,"Rejected","32","31sNPVProfit1Regret"
"33","Dif.Str.",-0.567651356487441,-0.825112692207455,-2.03564031537886,1.77059667099668,0,"Rejected","33","31sNPVProfit1Regret"
"34","Tgt.Mkt.Share.4",-0.773056318132848,-1.12418191095746,-1.92859216960393,0.604171602357246,0,"Rejected","34","31sNPVProfit1Regret"
"35","Sens.Attract.Avail.",-1.02507971464219,-1.21269653682521,-1.9410434914377,0.240924086470549,0,"Rejected","35","31sNPVProfit1Regret"
"36","Mkt.Size",11.7800662817391,12.3507621244831,4.90081064939085,15.9834919336291,1,"Confirmed","1","31aPerformance1Regret"
"37","Patent.Perf.Slope",9.20916774818849,9.4053436330102,4.34898886856559,14.4088096493918,0.98989898989899,"Confirmed","2","31aPerformance1Regret"
"38","Open.RD.4",2.8463490980006,2.97704367179076,-1.58521776472072,6.58567782913592,0.484848484848485,"Tentative","3","31aPerformance1Regret"
"39","Sens.Attract.Avail.",1.57768662251905,1.64284268971158,-0.533927195107399,3.38019833893883,0.0101010101010101,"Rejected","4","31aPerformance1Regret"
"40","Cap.Utiliz.",1.2776350120864,1.07109538244405,-0.140799088284489,2.89094859031017,0,"Rejected","5","31aPerformance1Regret"
"41","Sens.Price.Cost",0.2146349712248,0.619269215706651,-1.39661264084473,0.818664198327606,0,"Rejected","6","31aPerformance1Regret"
"42","Patent.Cost",0.326565581361967,0.582975675259845,-1.717139600873,1.47931346207621,0,"Rejected","7","31aPerformance1Regret"
"43","Mkt.Strat.4",0.545624193556564,0.572592023322223,-1.42343680241476,2.64449251804977,0,"Rejected","8","31aPerformance1Regret"
"44","Sens.Attract.Price",0.427594502934903,0.505269652549617,-1.42898776724678,2.04174050857492,0,"Rejected","9","31aPerformance1Regret"
"45","Demand.Elastic.",0.289391431353797,0.502738288026103,-2.8824750460702,1.46834035414578,0,"Rejected","10","31aPerformance1Regret"
"46","Open.RD.3",0.193503256171288,0.251498716493067,-1.75016108751104,1.73321906053079,0,"Rejected","11","31aPerformance1Regret"
"47","Learn.Curv.Str.",0.167422457633293,0.229274179117817,-1.35414991975694,1.69247816682963,0,"Rejected","12","31aPerformance1Regret"
"48","RD.Budgt.3",-0.172740453986645,0.209522915804367,-1.78032525818294,1.09606448406128,0,"Rejected","13","31aPerformance1Regret"
"49","Sens.Attract.Perf.",0.0983161687149964,0.185388379829869,-1.35556249323016,0.848614706546824,0,"Rejected","14","31aPerformance1Regret"
"50","Cap.Acqui.Delay",-0.180190316971189,0.172002496839697,-1.93386819215942,1.10426066071545,0,"Rejected","15","31aPerformance1Regret"
"51","Rej.Ratio",0.129694194099904,0.0424617489755812,-1.02731592102774,1.78484039050851,0,"Rejected","16","31aPerformance1Regret"
"52","Sens.Price.Demmand.Suppl.",0.168332986871426,-0.149015075750032,-1.1115134737992,2.50188180866495,0,"Rejected","17","31aPerformance1Regret"
"53","Tgt.Mkt.Share.3",-0.538227413543348,-0.193622401667004,-2.13248309930626,0.662172522507465,0,"Rejected","18","31aPerformance1Regret"
"54","Inov.Adop.Fract.",-0.461292959490118,-0.349811126633308,-2.39562879220309,1.40131684763512,0,"Rejected","19","31aPerformance1Regret"
"55","Mkt.Strat.2",-0.551034809125736,-0.455973736964997,-1.66712663027395,0.533862177593197,0,"Rejected","20","31aPerformance1Regret"
"56","Tgt.Mkt.Share.2",-0.558698232749912,-0.477475429128895,-2.60838604926753,0.454056100867,0,"Rejected","21","31aPerformance1Regret"
"57","Init.Reord.Share",-0.404170553068341,-0.497060796401183,-1.67687990500271,1.28323423541074,0,"Rejected","22","31aPerformance1Regret"
"58","Mkt.Strat.3",0.0409080836367946,-0.591078534148936,-1.55320707796068,2.53014074156332,0,"Rejected","23","31aPerformance1Regret"
"59","Tgt.Mkt.Share.4",-0.662719703349022,-0.692280114286854,-2.73617808124469,1.77401023242559,0,"Rejected","24","31aPerformance1Regret"
"60","Open.RD.2",-0.787258737414707,-0.821004449378829,-2.74609001812652,1.13673228042692,0,"Rejected","25","31aPerformance1Regret"
"61","RD.Real.Time",-0.731485462373854,-0.821764962823454,-2.36010233210526,0.872856595369416,0,"Rejected","26","31aPerformance1Regret"
"62","Discard.Rate",-0.913144189797733,-0.825597539464831,-2.45837798728194,0.966417996660046,0,"Rejected","27","31aPerformance1Regret"
"63","Dif.Str.",-0.652967451620595,-0.857841566262039,-1.84287801324932,1.18564766941186,0,"Rejected","28","31aPerformance1Regret"
"64","Fixed.Var.Ratio.",-0.840030354382231,-0.890486217203326,-2.86958078705804,1.12137443424031,0,"Rejected","29","31aPerformance1Regret"
"65","RD.Budgt.4",-0.848988515956611,-0.930744132030312,-2.18838626225176,0.730165224444606,0,"Rejected","30","31aPerformance1Regret"
"66","Patent.Eval.Time",-0.840265877028295,-1.0622910493732,-2.19181199198992,0.795291207836078,0,"Rejected","31","31aPerformance1Regret"
"67","RD.Budgt.2",-1.04261480291636,-1.09261795283895,-2.58036880741605,0.418323407369522,0,"Rejected","32","31aPerformance1Regret"
"68","Rep.Delay",-1.24840670966944,-1.35524640509593,-2.8761918895687,1.7338404583062,0,"Rejected","33","31aPerformance1Regret"
"69","Sens.Price.Share",-1.4700855767759,-1.52009691701414,-3.00826931394663,0.437262503588743,0,"Rejected","34","31aPerformance1Regret"
"70","Patent.Useful.Time",-1.82875328696242,-1.88887551528681,-3.30618244030448,-0.674608663474672,0,"Rejected","35","31aPerformance1Regret"
"71","Patent.Perf.Slope",30.3118168271703,31.9327647132444,15.8342184901496,39.7084910071252,1,"Confirmed","1","31aOrderShare1Regret"
"72","Open.RD.4",10.2208134381255,10.8497658677406,3.10989401536256,14.6383595864041,0.96969696969697,"Confirmed","2","31aOrderShare1Regret"
"73","Mkt.Strat.2",7.17257933985284,7.76433414705308,0.864986102691911,10.2761748262727,0.868686868686869,"Confirmed","3","31aOrderShare1Regret"
"74","Sens.Attract.Price",3.83643723362811,3.94758602256816,0.10588859021677,7.49161621948903,0.676767676767677,"Confirmed","4","31aOrderShare1Regret"
"75","Discard.Rate",3.31038089110567,3.06138656238457,-0.24539666305463,6.96282035783954,0.575757575757576,"Tentative","5","31aOrderShare1Regret"
"76","Cap.Utiliz.",1.76375199605397,1.71350104714829,0.780270492173823,3.47584046703334,0,"Rejected","6","31aOrderShare1Regret"
"77","Fixed.Var.Ratio.",1.37663771727079,1.48457189687097,-2.15274542485732,3.23083461897284,0.161616161616162,"Rejected","7","31aOrderShare1Regret"
"78","Mkt.Strat.4",0.778104217584898,0.991280406307727,-0.492483291734691,1.81958096006211,0,"Rejected","8","31aOrderShare1Regret"
"79","Rej.Ratio",0.34256503903916,0.634007098279297,-1.34286427527565,1.31556299365391,0,"Rejected","9","31aOrderShare1Regret"
"80","Mkt.Size",0.394171514773284,0.247498857936011,-0.562958543139761,2.0296788008714,0,"Rejected","10","31aOrderShare1Regret"
"81","Inov.Adop.Fract.",0.277341645981439,0.217435503526855,-2.68538208551334,3.42080787912114,0.0404040404040404,"Rejected","11","31aOrderShare1Regret"
"82","Open.RD.2",-0.088101632966739,0.0380787154460707,-1.24441033677152,0.834550233435155,0,"Rejected","12","31aOrderShare1Regret"
"83","Patent.Useful.Time",-0.399475796634173,-0.146935674524379,-2.59655704896003,0.78501385792938,0,"Rejected","13","31aOrderShare1Regret"
"84","Tgt.Mkt.Share.2",-0.102343868307437,-0.183919686199727,-1.38518030824294,1.77394485609311,0,"Rejected","14","31aOrderShare1Regret"
"85","Learn.Curv.Str.",-0.415955715179242,-0.244445426265489,-2.5193824952406,1.11249141431167,0,"Rejected","15","31aOrderShare1Regret"
"86","RD.Real.Time",-0.322397929576352,-0.324651135345039,-1.66834351130673,1.64192459454616,0,"Rejected","16","31aOrderShare1Regret"
"87","Sens.Attract.Avail.",-0.463235308025251,-0.358989354502208,-2.39295934360844,0.747826422863695,0,"Rejected","17","31aOrderShare1Regret"
"88","RD.Budgt.3",-0.623642329848967,-0.383440573267747,-3.29273167929997,0.981584425998782,0,"Rejected","18","31aOrderShare1Regret"
"89","Init.Reord.Share",-0.575589493279725,-0.397162356136377,-1.80454540739062,0.470040632008414,0,"Rejected","19","31aOrderShare1Regret"
"90","RD.Budgt.4",-0.791975773452991,-0.45188926165303,-2.33346613788478,0.360977120439823,0,"Rejected","20","31aOrderShare1Regret"
"91","Sens.Attract.Perf.",-0.689174302136737,-0.494660074253642,-2.70278137504935,1.13648707207694,0,"Rejected","21","31aOrderShare1Regret"
"92","Sens.Price.Share",-0.383462374164976,-0.55769617976194,-2.36901227872368,1.64007369973524,0,"Rejected","22","31aOrderShare1Regret"
"93","Mkt.Strat.3",-0.31887607253654,-0.625610089432564,-1.38065517880013,2.499976089149,0,"Rejected","23","31aOrderShare1Regret"
"94","Sens.Price.Demmand.Suppl.",-0.661889889034857,-0.629150981455179,-2.14066106377145,1.73110267346141,0,"Rejected","24","31aOrderShare1Regret"
"95","Patent.Cost",-0.576307818821459,-0.630040411655421,-2.35115586275052,2.12578556009588,0,"Rejected","25","31aOrderShare1Regret"
"96","Sens.Price.Cost",-0.90915099905384,-0.687649269301752,-2.78267065391722,0.662659713397593,0,"Rejected","26","31aOrderShare1Regret"
"97","Open.RD.3",-0.766217874259599,-0.788248637599521,-1.8842948294871,0.828918071467608,0,"Rejected","27","31aOrderShare1Regret"
"98","Demand.Elastic.",-0.711111747303201,-0.869416449786329,-1.40980208232686,1.31031481815165,0,"Rejected","28","31aOrderShare1Regret"
"99","Dif.Str.",-0.745315535635776,-0.894239512596468,-1.71066182448577,0.434989327146688,0,"Rejected","29","31aOrderShare1Regret"
"100","Tgt.Mkt.Share.4",-1.0078584454355,-0.914943318569712,-2.91832304426363,0.50719326268951,0,"Rejected","30","31aOrderShare1Regret"
"101","Rep.Delay",-0.73407098227582,-0.999758683240702,-2.21302262301563,1.56075273973176,0,"Rejected","31","31aOrderShare1Regret"
"102","RD.Budgt.2",-1.0298562010677,-1.0625291109209,-2.29543873013082,0.343891203679172,0,"Rejected","32","31aOrderShare1Regret"
"103","Tgt.Mkt.Share.3",-0.889876942592103,-1.12809258988383,-3.44962873950298,1.36981240192564,0,"Rejected","33","31aOrderShare1Regret"
"104","Cap.Acqui.Delay",-0.852568956598204,-1.14914078939425,-2.37952057311186,1.67844976260197,0,"Rejected","34","31aOrderShare1Regret"
"105","Patent.Eval.Time",-1.05862724405141,-1.17583570919433,-2.5658910257514,0.730149088098647,0,"Rejected","35","31aOrderShare1Regret"
"106","Demand.Elastic.",13.2577998768006,13.8951662286971,7.67367113254635,16.2685322132236,1,"Confirmed","1","31sTotalInstalledBaseRegret"
"107","Patent.Perf.Slope",12.409958076716,12.8221387252361,6.97490452673871,15.8357396705044,1,"Confirmed","2","31sTotalInstalledBaseRegret"
"108","Sens.Attract.Price",5.10403991520114,5.2993603091749,0.306146850733626,9.24113750888922,0.848484848484849,"Confirmed","3","31sTotalInstalledBaseRegret"
"109","Cap.Utiliz.",4.31256310533442,4.37163061055344,1.61282954141581,8.17760009381922,0.787878787878788,"Confirmed","4","31sTotalInstalledBaseRegret"
"110","RD.Real.Time",2.43548635294713,2.27602789031084,-0.382365680353963,5.30001210841095,0.474747474747475,"Tentative","5","31sTotalInstalledBaseRegret"
"111","Rej.Ratio",1.84116458440727,1.83392126801394,-0.637979397388679,5.30426817582089,0.404040404040404,"Tentative","6","31sTotalInstalledBaseRegret"
"112","Sens.Attract.Perf.",1.77834045368893,1.68612655968997,-1.02475850052415,5.28796495777941,0.353535353535354,"Tentative","7","31sTotalInstalledBaseRegret"
"113","Tgt.Mkt.Share.2",0.51747548844788,0.501780733507459,-1.07555710363279,1.89699138696259,0.0202020202020202,"Rejected","8","31sTotalInstalledBaseRegret"
"114","Mkt.Strat.4",0.0522585455416587,0.429997943599433,-2.32921751582839,1.91953473166866,0,"Rejected","9","31sTotalInstalledBaseRegret"
"115","Sens.Attract.Avail.",0.572150704231467,0.28164254042026,-0.866726079480264,2.25125814774401,0.0101010101010101,"Rejected","10","31sTotalInstalledBaseRegret"
"116","Open.RD.2",0.265275059821425,0.224953727728854,-1.06946072170248,1.59503347536676,0,"Rejected","11","31sTotalInstalledBaseRegret"
"117","Inov.Adop.Fract.",0.0487031846191918,0.141443712452889,-2.84562764509298,2.4164975138776,0,"Rejected","12","31sTotalInstalledBaseRegret"
"118","Sens.Price.Share",-0.125705185058498,-0.049489589402362,-2.95521274508812,1.5344817523357,0,"Rejected","13","31sTotalInstalledBaseRegret"
"119","Sens.Price.Demmand.Suppl.",-0.342697028952891,-0.164655758554169,-2.45495951277169,1.61397532710096,0,"Rejected","14","31sTotalInstalledBaseRegret"
"120","RD.Budgt.2",-0.239224040115423,-0.168658243074439,-1.75837980597252,1.51691746467421,0,"Rejected","15","31sTotalInstalledBaseRegret"
"121","Mkt.Strat.2",-0.116878154928166,-0.284208582702198,-1.23895872728292,1.69309349395831,0,"Rejected","16","31sTotalInstalledBaseRegret"
"122","Open.RD.4",-0.380597680730739,-0.351445615760338,-2.56829927312099,1.17530202993017,0,"Rejected","17","31sTotalInstalledBaseRegret"
"123","Discard.Rate",-0.0290695025930062,-0.369317713310435,-1.83439757396106,2.85293283380226,0,"Rejected","18","31sTotalInstalledBaseRegret"
"124","Patent.Eval.Time",-0.590000386871924,-0.40833539096443,-1.96697116175039,0.852084797809211,0,"Rejected","19","31sTotalInstalledBaseRegret"
"125","RD.Budgt.3",-0.392241630333986,-0.455919265715715,-1.61651087542681,1.39090293028593,0.0101010101010101,"Rejected","20","31sTotalInstalledBaseRegret"
"126","Patent.Cost",-0.525647027154125,-0.456053532779182,-1.86942802357457,1.25670867218861,0,"Rejected","21","31sTotalInstalledBaseRegret"
"127","Fixed.Var.Ratio.",-0.563135577630932,-0.490407811614655,-2.35397287395869,1.81790589023812,0,"Rejected","22","31sTotalInstalledBaseRegret"
"128","Rep.Delay",-0.650860090138389,-0.49508658189763,-2.12995807326111,0.140818975634635,0,"Rejected","23","31sTotalInstalledBaseRegret"
"129","Patent.Useful.Time",-0.58569431852837,-0.496197522817892,-1.97962012484572,0.669699668893038,0,"Rejected","24","31sTotalInstalledBaseRegret"
"130","Mkt.Size",-0.161401354865786,-0.510229598333357,-1.23486772206872,2.42384368706206,0,"Rejected","25","31sTotalInstalledBaseRegret"
"131","Tgt.Mkt.Share.4",-0.617281318511187,-0.536238725781743,-2.63870840041192,0.816846131621948,0,"Rejected","26","31sTotalInstalledBaseRegret"
"132","Dif.Str.",-0.327898402863793,-0.572623078368967,-2.01557529470095,1.26533853358356,0,"Rejected","27","31sTotalInstalledBaseRegret"
"133","Open.RD.3",-0.754021014940362,-0.592329508965431,-2.79552157971514,0.570058311996153,0,"Rejected","28","31sTotalInstalledBaseRegret"
"134","RD.Budgt.4",-0.749137405343117,-0.59292360261452,-2.05473970534352,0.276988788562689,0,"Rejected","29","31sTotalInstalledBaseRegret"
"135","Sens.Price.Cost",-0.894125083498037,-0.593927338016907,-2.12908574948355,0.139403261312203,0,"Rejected","30","31sTotalInstalledBaseRegret"
"136","Cap.Acqui.Delay",-0.386415567157302,-0.606452683192625,-1.67288366256307,1.11022676739633,0,"Rejected","31","31sTotalInstalledBaseRegret"
"137","Mkt.Strat.3",-0.529281042262831,-0.688260380422019,-1.89219762241179,1.58457991750766,0,"Rejected","32","31sTotalInstalledBaseRegret"
"138","Learn.Curv.Str.",-0.541717149961335,-0.746057328561527,-1.77319360243741,0.870139532004603,0,"Rejected","33","31sTotalInstalledBaseRegret"
"139","Init.Reord.Share",-0.847606161866855,-0.807550911259012,-2.60675977151298,2.66066457646798,0.0101010101010101,"Rejected","34","31sTotalInstalledBaseRegret"
"140","Tgt.Mkt.Share.3",-1.24771602050883,-1.52777398093694,-2.88228205040975,0.818744406086709,0,"Rejected","35","31sTotalInstalledBaseRegret"
"141","Patent.Perf.Slope",31.9840815344479,33.326274762983,17.5330567301783,38.2809265844116,1,"Confirmed","1","31aPerformanceAvgRegret"
"142","RD.Budgt.4",2.28331387121067,2.19756842972207,-1.41017918338034,6.44240933741862,0.353535353535354,"Tentative","2","31aPerformanceAvgRegret"
"143","Sens.Attract.Avail.",1.4177912954043,1.24587362188932,-1.32087762911692,5.62099230150354,0.121212121212121,"Rejected","3","31aPerformanceAvgRegret"
"144","Tgt.Mkt.Share.2",0.596318398874016,0.882189993636565,-1.5658965588438,1.81388087522798,0,"Rejected","4","31aPerformanceAvgRegret"
"145","Open.RD.3",0.748807687849477,0.808943912781242,-1.27093139860629,2.14919680216412,0,"Rejected","5","31aPerformanceAvgRegret"
"146","Patent.Useful.Time",0.937748205392675,0.691484765909626,-0.123496390087423,2.47254121636541,0,"Rejected","6","31aPerformanceAvgRegret"
"147","Rej.Ratio",0.770919793324182,0.59093116574023,-0.261429832648031,2.57775901489325,0,"Rejected","7","31aPerformanceAvgRegret"
"148","Mkt.Strat.2",0.629717723799682,0.562672818470026,-1.15897624111592,2.77115229460773,0,"Rejected","8","31aPerformanceAvgRegret"
"149","Init.Reord.Share",0.476516763076666,0.468955740275293,-1.04545153578659,2.32136793661748,0,"Rejected","9","31aPerformanceAvgRegret"
"150","Mkt.Size",0.34063679901218,0.288795159682306,-1.11442952327613,1.71971656146346,0,"Rejected","10","31aPerformanceAvgRegret"
"151","Fixed.Var.Ratio.",0.226539062550613,0.27244416262813,-0.929119859351622,1.24608373776136,0,"Rejected","11","31aPerformanceAvgRegret"
"152","Learn.Curv.Str.",0.191901659889342,0.247970277948871,-1.24324228067113,1.39310111970046,0,"Rejected","12","31aPerformanceAvgRegret"
"153","Sens.Attract.Perf.",0.0319817150706517,0.105970488202475,-1.30724391105506,1.63711938333451,0,"Rejected","13","31aPerformanceAvgRegret"
"154","Inov.Adop.Fract.",0.199621523950824,-0.00136141806850779,-2.07155042707763,3.03542627271551,0,"Rejected","14","31aPerformanceAvgRegret"
"155","Mkt.Strat.4",-0.0877743848911034,-0.0671276116986427,-2.29474862094585,1.49869989711754,0,"Rejected","15","31aPerformanceAvgRegret"
"156","Mkt.Strat.3",-0.0836277527757654,-0.0917095166308829,-1.03882766345852,0.857776351165775,0,"Rejected","16","31aPerformanceAvgRegret"
"157","Rep.Delay",0.104965948756443,-0.174104204842775,-1.11710679320852,1.82961453963637,0,"Rejected","17","31aPerformanceAvgRegret"
"158","Cap.Acqui.Delay",-0.103461255228555,-0.179117869245365,-1.5609992595971,1.54615413741593,0,"Rejected","18","31aPerformanceAvgRegret"
"159","Demand.Elastic.",-0.219118659975226,-0.20181882113673,-1.83721101186098,1.14089294011452,0,"Rejected","19","31aPerformanceAvgRegret"
"160","Open.RD.2",-0.49530387449832,-0.252359939685171,-3.12027724767497,1.29449214314283,0,"Rejected","20","31aPerformanceAvgRegret"
"161","Open.RD.4",-0.178985532604606,-0.265074058871702,-3.43986899938854,2.14090553560174,0.0101010101010101,"Rejected","21","31aPerformanceAvgRegret"
"162","Sens.Attract.Price",-0.175572746730566,-0.291462984380336,-1.13288874290502,1.96590572770315,0,"Rejected","22","31aPerformanceAvgRegret"
"163","Patent.Eval.Time",-0.552983890851744,-0.368897000842034,-3.14889934864118,0.741384664047691,0,"Rejected","23","31aPerformanceAvgRegret"
"164","RD.Budgt.3",-0.448082900358002,-0.410401551599307,-1.4074172630945,0.582847640937309,0,"Rejected","24","31aPerformanceAvgRegret"
"165","RD.Real.Time",-0.507993574478378,-0.455347632795815,-1.70581986042061,1.10318986733272,0,"Rejected","25","31aPerformanceAvgRegret"
"166","Tgt.Mkt.Share.4",-0.586539542544058,-0.516618115576668,-1.81460579407658,0.370229210583356,0,"Rejected","26","31aPerformanceAvgRegret"
"167","Cap.Utiliz.",-0.671577022062035,-0.595324489347967,-3.0562203840058,0.788685508504608,0,"Rejected","27","31aPerformanceAvgRegret"
"168","Sens.Price.Cost",-0.669718917489707,-0.637882165410325,-1.78768116851724,0.466807729102728,0,"Rejected","28","31aPerformanceAvgRegret"
"169","Sens.Price.Demmand.Suppl.",-0.743239166909485,-0.707640485096909,-2.52534038346497,1.61697186852078,0,"Rejected","29","31aPerformanceAvgRegret"
"170","RD.Budgt.2",-0.618040157266318,-0.800752293000255,-2.11932846824604,0.958258953308683,0,"Rejected","30","31aPerformanceAvgRegret"
"171","Discard.Rate",-0.85030334828416,-0.974337225062733,-3.33746816997423,2.59527737863817,0,"Rejected","31","31aPerformanceAvgRegret"
"172","Patent.Cost",-1.13580691754934,-1.02525843286567,-3.48780520576949,0.502578052411314,0,"Rejected","32","31aPerformanceAvgRegret"
"173","Dif.Str.",-0.871949538944815,-1.15462382522416,-2.20234529691549,1.91409342390882,0,"Rejected","33","31aPerformanceAvgRegret"
"174","Tgt.Mkt.Share.3",-1.29274934883226,-1.24367539032151,-2.41170675861725,-0.303442533977444,0,"Rejected","34","31aPerformanceAvgRegret"
"175","Sens.Price.Share",-1.5742214153897,-2.05028691429054,-2.36326422447329,0.356615317603715,0,"Rejected","35","31aPerformanceAvgRegret"
"176","Patent.Perf.Slope",10.1584563907543,10.3538110229512,6.40464225139036,13.7886016535711,1,"Confirmed","1","31sPriceAvgRegret"
"177","Sens.Attract.Perf.",5.94856411519752,6.16673850819215,2.11968249281256,8.2793619139278,0.888888888888889,"Confirmed","2","31sPriceAvgRegret"
"178","Cap.Utiliz.",5.96274837397853,6.04456799663292,2.01731236923605,9.24004871683982,0.919191919191919,"Confirmed","3","31sPriceAvgRegret"
"179","Mkt.Size",4.71320017023178,4.74569511837916,1.74952366794493,8.24649077844681,0.828282828282828,"Confirmed","4","31sPriceAvgRegret"
"180","Mkt.Strat.2",3.70732509500712,3.73652772879347,-0.129032907508145,6.09468811491176,0.686868686868687,"Confirmed","5","31sPriceAvgRegret"
"181","RD.Budgt.2",3.55676981937598,3.55215480111946,0.147932135236163,6.23879738035011,0.636363636363636,"Tentative","6","31sPriceAvgRegret"
"182","Learn.Curv.Str.",2.43193031775542,2.3201810197362,-0.558672814668944,5.18348784229295,0.444444444444444,"Tentative","7","31sPriceAvgRegret"
"183","Tgt.Mkt.Share.4",2.18820725651943,2.12305913894673,-0.367066091229158,5.05966748620184,0.393939393939394,"Tentative","8","31sPriceAvgRegret"
"184","RD.Budgt.4",1.352382558956,1.37727764555847,-1.88024578555525,3.85736783416452,0.181818181818182,"Rejected","9","31sPriceAvgRegret"
"185","Sens.Price.Share",1.14185068294011,1.15048707153575,-1.58858792491645,3.02012706557055,0,"Rejected","10","31sPriceAvgRegret"
"186","Fixed.Var.Ratio.",0.342676962284459,0.362075779515179,-1.59124487112362,1.65821897570457,0,"Rejected","11","31sPriceAvgRegret"
"187","Tgt.Mkt.Share.3",0.427655317688131,0.304276652766635,-0.816298659128854,2.01150487066942,0,"Rejected","12","31sPriceAvgRegret"
"188","Patent.Useful.Time",0.0898254133180374,0.122109217527267,-2.34858962950568,1.18536122181391,0,"Rejected","13","31sPriceAvgRegret"
"189","Patent.Cost",0.0283781247704915,0.0616412322473583,-2.02718704609478,1.09619294216667,0,"Rejected","14","31sPriceAvgRegret"
"190","Mkt.Strat.4",-0.0797721925929827,0.0105172188120212,-1.62522230386073,2.16257842995347,0,"Rejected","15","31sPriceAvgRegret"
"191","Dif.Str.",-0.0597203638685155,-0.0116670297448827,-1.88311627791529,1.57018175820471,0,"Rejected","16","31sPriceAvgRegret"
"192","Mkt.Strat.3",0.0306957819044459,-0.0261061290422051,-0.927140834085849,1.83736659924129,0,"Rejected","17","31sPriceAvgRegret"
"193","Sens.Price.Demmand.Suppl.",0.220215614619492,-0.06940458014708,-0.965142466639787,2.8834244587549,0.0101010101010101,"Rejected","18","31sPriceAvgRegret"
"194","RD.Real.Time",-0.480890998562821,-0.130856368336117,-2.84284937642577,1.30993181639303,0,"Rejected","19","31sPriceAvgRegret"
"195","Discard.Rate",-0.223486704419863,-0.132650226771672,-1.74353665237268,1.17891979877022,0,"Rejected","20","31sPriceAvgRegret"
"196","Init.Reord.Share",0.0727319741762547,-0.166313399553101,-1.24416302979758,1.94067238150322,0,"Rejected","21","31sPriceAvgRegret"
"197","Tgt.Mkt.Share.2",-0.375175829106132,-0.196416791323362,-1.724853153095,0.756720800778416,0,"Rejected","22","31sPriceAvgRegret"
"198","Demand.Elastic.",-0.472543558848283,-0.235283248845758,-2.2568979251882,0.875128650449343,0,"Rejected","23","31sPriceAvgRegret"
"199","Rej.Ratio",0.0516196648996169,-0.330843359433374,-2.07225933787819,2.97209539415483,0.0101010101010101,"Rejected","24","31sPriceAvgRegret"
"200","Sens.Price.Cost",-0.338051160003103,-0.358789428334309,-1.51261428197404,0.680020659015679,0,"Rejected","25","31sPriceAvgRegret"
"201","Open.RD.3",-0.612500523178927,-0.395763048844262,-2.39619278524695,0.938091424003936,0,"Rejected","26","31sPriceAvgRegret"
"202","Patent.Eval.Time",-0.598118817064025,-0.41340552945832,-2.00423917781622,0.484085188184439,0,"Rejected","27","31sPriceAvgRegret"
"203","Inov.Adop.Fract.",-0.227803111754592,-0.436310548863846,-2.79708096700305,2.66183405338811,0,"Rejected","28","31sPriceAvgRegret"
"204","Open.RD.2",-1.06484680085443,-1.14264194604654,-2.57661860612204,0.834767000204638,0,"Rejected","29","31sPriceAvgRegret"
"205","Rep.Delay",-1.17297951994037,-1.15815086224475,-3.28562651792166,-0.125273135416278,0,"Rejected","30","31sPriceAvgRegret"
"206","Sens.Attract.Avail.",-1.32604329109807,-1.20396497061985,-3.97770381346996,0.560228869426687,0,"Rejected","31","31sPriceAvgRegret"
"207","Open.RD.4",-1.29133380703527,-1.27325257698254,-3.27689077693025,0.349085776789469,0,"Rejected","32","31sPriceAvgRegret"
"208","RD.Budgt.3",-1.09190433759592,-1.31140247715507,-2.23371980540284,1.21880893446297,0,"Rejected","33","31sPriceAvgRegret"
"209","Cap.Acqui.Delay",-1.33145400041165,-1.3351715716572,-2.91026018411106,-0.261391809184595,0,"Rejected","34","31sPriceAvgRegret"
"210","Sens.Attract.Price",-1.82152393656558,-1.99927236835999,-3.70128804805307,0.593907337929634,0,"Rejected","35","31sPriceAvgRegret"
"211","Mkt.Size",20.7451179092223,21.5958997820652,10.8795200535683,26.1090164033185,1,"Confirmed","1","13sNPVProfit1Regret"
"212","Patent.Perf.Slope",11.03942723284,11.3695207224744,6.85879804740696,14.4610626105834,1,"Confirmed","2","13sNPVProfit1Regret"
"213","Mkt.Strat.4",7.55671238719613,7.90324340246773,3.05059991656685,10.9264946124756,0.97979797979798,"Confirmed","3","13sNPVProfit1Regret"
"214","Discard.Rate",7.11139732820673,7.11262544000236,3.42471461994217,9.68957064923329,0.98989898989899,"Confirmed","4","13sNPVProfit1Regret"
"215","Tgt.Mkt.Share.2",3.96937352772031,3.95150596466876,0.81630298400811,6.62504417965262,0.797979797979798,"Confirmed","5","13sNPVProfit1Regret"
"216","Patent.Useful.Time",3.49805125742289,3.65425283130495,0.0805621757433148,6.31577170501935,0.707070707070707,"Confirmed","6","13sNPVProfit1Regret"
"217","Cap.Utiliz.",3.24101082264385,3.22023588404704,-0.205683844083115,6.1135686946504,0.717171717171717,"Confirmed","7","13sNPVProfit1Regret"
"218","Sens.Attract.Price",2.91900352168021,3.02265677428772,-0.27446849208079,6.13616382486812,0.606060606060606,"Tentative","8","13sNPVProfit1Regret"
"219","Mkt.Strat.2",1.9268194108857,1.8597407020834,0.918953985202908,2.89632483828519,0,"Rejected","9","13sNPVProfit1Regret"
"220","Sens.Attract.Perf.",1.42414218026448,1.40827769742563,-0.0756563098962498,3.27365925197657,0.0707070707070707,"Rejected","10","13sNPVProfit1Regret"
"221","RD.Budgt.4",0.957194249070458,1.0072309788324,-0.982985599784444,3.18202225715549,0.0101010101010101,"Rejected","11","13sNPVProfit1Regret"
"222","Cap.Acqui.Delay",0.587201561868092,0.791192675560178,-1.09522524928252,1.46837537838313,0,"Rejected","12","13sNPVProfit1Regret"
"223","RD.Budgt.3",0.336953137855588,0.603896878823555,-1.85700014945207,1.59725997809884,0,"Rejected","13","13sNPVProfit1Regret"
"224","Demand.Elastic.",-0.0387479601767727,0.14290868235149,-2.52692210724154,1.72337001478994,0,"Rejected","14","13sNPVProfit1Regret"
"225","Patent.Eval.Time",0.0718135761706984,0.139130030419646,-1.87834162711426,1.04584830461271,0,"Rejected","15","13sNPVProfit1Regret"
"226","Rep.Delay",-0.0297821859909938,0.100682403236997,-1.76120294643569,1.21241984513462,0,"Rejected","16","13sNPVProfit1Regret"
"227","Open.RD.3",0.119498201848033,-0.0268045789447931,-1.01049341165264,1.28627036670601,0,"Rejected","17","13sNPVProfit1Regret"
"228","Mkt.Strat.3",0.14570887287205,-0.210631965513083,-1.27839493568794,2.24972790825095,0,"Rejected","18","13sNPVProfit1Regret"
"229","RD.Real.Time",-0.195302437786423,-0.276378866534512,-1.47566445168038,0.929324050841283,0,"Rejected","19","13sNPVProfit1Regret"
"230","Patent.Cost",-0.536428412590435,-0.40254996710652,-1.73051327505268,0.987150330777282,0,"Rejected","20","13sNPVProfit1Regret"
"231","Rej.Ratio",-0.144501814071469,-0.467393262075532,-1.54992420697088,1.007139269837,0,"Rejected","21","13sNPVProfit1Regret"
"232","Sens.Price.Cost",-0.478139331534743,-0.469525970271836,-2.43516276645568,1.3534495618492,0,"Rejected","22","13sNPVProfit1Regret"
"233","RD.Budgt.2",-0.379746750314334,-0.481809877682307,-1.6529640579744,0.894039474921255,0,"Rejected","23","13sNPVProfit1Regret"
"234","Init.Reord.Share",-0.340007137915939,-0.521632645451134,-1.45326886069301,1.07238241077768,0,"Rejected","24","13sNPVProfit1Regret"
"235","Tgt.Mkt.Share.3",-0.365108188963228,-0.550283481862103,-2.02921300823637,1.43809236671921,0,"Rejected","25","13sNPVProfit1Regret"
"236","Learn.Curv.Str.",-0.398565082054908,-0.64340061747957,-1.60575639554266,0.770186404612348,0,"Rejected","26","13sNPVProfit1Regret"
"237","Tgt.Mkt.Share.4",-0.526795575081661,-0.834622105951872,-1.99558112654998,1.97961273205353,0,"Rejected","27","13sNPVProfit1Regret"
"238","Sens.Price.Demmand.Suppl.",-0.626247368714308,-0.835721714120194,-1.5931600088796,1.13608773255108,0,"Rejected","28","13sNPVProfit1Regret"
"239","Open.RD.2",-0.922259133600502,-0.871728333127934,-3.13320637768837,0.434559419318633,0,"Rejected","29","13sNPVProfit1Regret"
"240","Inov.Adop.Fract.",-0.671403157516271,-0.878050317657142,-2.25824190508709,1.67990629689295,0,"Rejected","30","13sNPVProfit1Regret"
"241","Fixed.Var.Ratio.",-0.890132794271036,-0.879907296912519,-1.67995468907318,0.515786839516905,0,"Rejected","31","13sNPVProfit1Regret"
"242","Dif.Str.",-0.885862092630821,-0.987030877743804,-1.67582827547272,0.328392010665573,0,"Rejected","32","13sNPVProfit1Regret"
"243","Sens.Attract.Avail.",-1.01801286696494,-1.19227669198575,-1.61855510988876,0.0158291053340017,0,"Rejected","33","13sNPVProfit1Regret"
"244","Sens.Price.Share",-1.21955082457673,-1.36363540578746,-2.33481458709661,0.0817126456568785,0,"Rejected","34","13sNPVProfit1Regret"
"245","Open.RD.4",-1.56907510034039,-1.55836884427806,-3.85332742394795,0.0578060860630703,0,"Rejected","35","13sNPVProfit1Regret"
"246","Patent.Perf.Slope",10.2037762258672,10.415882733936,5.45341699260466,13.9026180123858,0.98989898989899,"Confirmed","1","13aPerformance1Regret"
"247","Tgt.Mkt.Share.4",6.62245979725648,6.76489152778734,2.17875236954977,9.85635098592956,0.919191919191919,"Confirmed","2","13aPerformance1Regret"
"248","Rej.Ratio",6.04627226334116,5.96615580463063,2.97963686796947,10.4085768331502,0.939393939393939,"Confirmed","3","13aPerformance1Regret"
"249","Patent.Useful.Time",2.52216747018371,2.41329159824796,-1.83729226231976,6.33834331842531,0.474747474747475,"Tentative","4","13aPerformance1Regret"
"250","RD.Budgt.4",1.68924252293065,1.64177867049888,-1.17878435138556,4.77837141501248,0.343434343434343,"Tentative","5","13aPerformance1Regret"
"251","Open.RD.3",1.34128895227026,1.22988497319903,0.103524282839192,2.49713876383821,0,"Rejected","6","13aPerformance1Regret"
"252","Patent.Eval.Time",0.952695260239768,1.14574419799677,-0.947644582788083,1.91398053456828,0,"Rejected","7","13aPerformance1Regret"
"253","Mkt.Size",1.09291257875892,1.07376474148506,-0.397070133304519,2.90955350532968,0,"Rejected","8","13aPerformance1Regret"
"254","Sens.Price.Demmand.Suppl.",0.497451650088458,0.900820394020909,-1.49400604833559,1.66820539589991,0,"Rejected","9","13aPerformance1Regret"
"255","Fixed.Var.Ratio.",0.791528386883706,0.826759526130869,-0.279847721397584,1.5943771755467,0,"Rejected","10","13aPerformance1Regret"
"256","Learn.Curv.Str.",0.834272478887583,0.707515481344193,-0.357641436686273,2.07822647683201,0,"Rejected","11","13aPerformance1Regret"
"257","Patent.Cost",0.738303634952289,0.617252331457672,-0.921212058096416,2.3492850230488,0.0202020202020202,"Rejected","12","13aPerformance1Regret"
"258","Demand.Elastic.",0.497464981344642,0.470248093172357,-1.18977133911491,2.26919750180905,0,"Rejected","13","13aPerformance1Regret"
"259","Init.Reord.Share",0.0635093560698937,0.259961202458317,-2.42884526680358,3.15272194091906,0.0202020202020202,"Rejected","14","13aPerformance1Regret"
"260","Sens.Attract.Avail.",0.32997982700632,0.220828640649853,-0.935526184206548,2.07592648607417,0,"Rejected","15","13aPerformance1Regret"
"261","Mkt.Strat.4",-0.0978014248577845,-0.045075834914327,-2.67625261734097,1.27002939022487,0,"Rejected","16","13aPerformance1Regret"
"262","Sens.Attract.Price",-0.414595752181321,-0.103747932248,-2.24136364884537,1.71069577415444,0,"Rejected","17","13aPerformance1Regret"
"263","Cap.Acqui.Delay",-0.427513103133257,-0.206396348718494,-2.42450426578728,1.09781161552418,0,"Rejected","18","13aPerformance1Regret"
"264","Rep.Delay",-0.144784646185397,-0.334506257659668,-2.41009498153302,2.47311434977549,0,"Rejected","19","13aPerformance1Regret"
"265","Mkt.Strat.2",-0.297205440189999,-0.526714567759523,-1.51721329229925,1.5064937968875,0,"Rejected","20","13aPerformance1Regret"
"266","RD.Budgt.3",-0.765504692250173,-0.526730723488823,-2.67754201920706,0.32820793993742,0,"Rejected","21","13aPerformance1Regret"
"267","Tgt.Mkt.Share.3",-0.462107432198709,-0.527143448487456,-2.82114947198321,1.80497087151213,0,"Rejected","22","13aPerformance1Regret"
"268","Dif.Str.",-0.604493268124761,-0.591912165560839,-1.84682722027013,1.32971539836677,0,"Rejected","23","13aPerformance1Regret"
"269","Sens.Price.Cost",-0.182016884299954,-0.610788754257223,-2.41357768577515,1.9707903350801,0,"Rejected","24","13aPerformance1Regret"
"270","Open.RD.4",-0.838554688184586,-0.707590795985714,-2.33650407707077,0.663279795474291,0,"Rejected","25","13aPerformance1Regret"
"271","Open.RD.2",-0.960563122311793,-0.718115863919365,-2.12769001596612,0.0379147513464554,0,"Rejected","26","13aPerformance1Regret"
"272","RD.Budgt.2",-0.579706940245725,-0.72050171769391,-3.03933429669912,2.02082123465463,0,"Rejected","27","13aPerformance1Regret"
"273","RD.Real.Time",-0.786909214253539,-0.724204537941787,-2.17215378157087,1.3043948500177,0,"Rejected","28","13aPerformance1Regret"
"274","Discard.Rate",-0.605584190682278,-0.741262234953102,-1.82923652273289,1.1118911634954,0,"Rejected","29","13aPerformance1Regret"
"275","Tgt.Mkt.Share.2",-1.05410941112766,-0.827885167860128,-2.89038820810967,1.08235102714539,0,"Rejected","30","13aPerformance1Regret"
"276","Cap.Utiliz.",-0.91591451343782,-0.882089719209559,-3.43477618819283,1.70939657789094,0,"Rejected","31","13aPerformance1Regret"
"277","Mkt.Strat.3",-0.672409960074984,-0.975940440464652,-1.96282233635352,1.72618964249051,0,"Rejected","32","13aPerformance1Regret"
"278","Sens.Price.Share",-0.886984620198373,-1.20158122039522,-2.47235790486685,1.53528749670557,0,"Rejected","33","13aPerformance1Regret"
"279","Inov.Adop.Fract.",-1.26472077565785,-1.42965535148683,-3.0246060348488,1.16069482298422,0,"Rejected","34","13aPerformance1Regret"
"280","Sens.Attract.Perf.",-1.40249412043332,-1.57843751151045,-3.04283258594485,1.29837415261171,0,"Rejected","35","13aPerformance1Regret"
"281","Cap.Utiliz.",7.97705481421383,7.94045458014517,2.23314861971961,13.6205439773971,0.94949494949495,"Confirmed","1","13aOrderShare1Regret"
"282","Sens.Price.Demmand.Suppl.",3.54847918685731,3.52697835117963,0.412510535261942,8.27029037695253,0.565656565656566,"Tentative","2","13aOrderShare1Regret"
"283","Sens.Price.Cost",2.72808084036078,2.83538502824991,-0.770765967198531,6.86222394768077,0.454545454545455,"Tentative","3","13aOrderShare1Regret"
"284","RD.Budgt.2",1.30236533523152,1.34688234621333,-0.338740137425727,3.03064773188853,0,"Rejected","4","13aOrderShare1Regret"
"285","Mkt.Size",0.713247606213174,0.705417151066734,-1.16405119437837,2.05190985285461,0,"Rejected","5","13aOrderShare1Regret"
"286","Sens.Price.Share",0.547827508880353,0.577742168910585,-1.86607670959566,1.94197282230651,0.0101010101010101,"Rejected","6","13aOrderShare1Regret"
"287","Rej.Ratio",0.501062163285064,0.551978746633314,-0.989783076979763,1.82151539116102,0,"Rejected","7","13aOrderShare1Regret"
"288","Demand.Elastic.",0.406108557615276,0.476997825082711,-1.8513413120781,2.93486395201236,0,"Rejected","8","13aOrderShare1Regret"
"289","Mkt.Strat.2",0.442402428586692,0.39770771812102,-0.859573559291026,1.31556006623589,0,"Rejected","9","13aOrderShare1Regret"
"290","Sens.Attract.Price",0.212231281153218,0.346016831165055,-2.01627355357228,2.72696388371973,0.0101010101010101,"Rejected","10","13aOrderShare1Regret"
"291","Sens.Attract.Perf.",0.118916989316682,0.31648126964595,-1.85286099440732,1.22583421496675,0,"Rejected","11","13aOrderShare1Regret"
"292","Mkt.Strat.4",0.0246848657088417,0.244767633609008,-1.98324956275571,1.24563369107351,0,"Rejected","12","13aOrderShare1Regret"
"293","Patent.Eval.Time",-0.0439626050067944,0.0337676586668064,-2.47538755579845,2.13975184430782,0,"Rejected","13","13aOrderShare1Regret"
"294","Open.RD.3",-0.00689158051187802,-0.0487251499183237,-1.59460310926839,1.90919944839707,0,"Rejected","14","13aOrderShare1Regret"
"295","Cap.Acqui.Delay",-0.0827646889217699,-0.127689442862842,-1.40045918625811,1.02858004862382,0,"Rejected","15","13aOrderShare1Regret"
"296","Rep.Delay",0.0278588934715527,-0.195501886270473,-1.56536865142278,2.10989070095429,0,"Rejected","16","13aOrderShare1Regret"
"297","Inov.Adop.Fract.",-0.178673525501776,-0.197313505550674,-1.95285844747211,1.40072607409597,0,"Rejected","17","13aOrderShare1Regret"
"298","Open.RD.2",-0.448429582766496,-0.227412394038247,-1.91219149304442,0.427068784245811,0,"Rejected","18","13aOrderShare1Regret"
"299","Patent.Perf.Slope",-0.232909897037481,-0.277411487876642,-1.73351356357808,1.03585851401838,0,"Rejected","19","13aOrderShare1Regret"
"300","Patent.Cost",-0.511461761047944,-0.305521018924335,-1.93107179841096,0.452293971741789,0,"Rejected","20","13aOrderShare1Regret"
"301","Mkt.Strat.3",-0.325616277862108,-0.325000116662221,-2.18517937159572,1.75068532945416,0,"Rejected","21","13aOrderShare1Regret"
"302","Learn.Curv.Str.",-0.23730099659189,-0.40685163219478,-1.39839682047593,1.11204014240379,0,"Rejected","22","13aOrderShare1Regret"
"303","Tgt.Mkt.Share.3",0.0331469977321326,-0.481405678373051,-2.33813726934307,2.96459026168097,0,"Rejected","23","13aOrderShare1Regret"
"304","Discard.Rate",-0.577942208206607,-0.56745042054204,-2.69141192882916,1.71901225602649,0,"Rejected","24","13aOrderShare1Regret"
"305","Tgt.Mkt.Share.4",-0.740504642741226,-0.589082262338913,-2.48718848037123,0.648317926373182,0,"Rejected","25","13aOrderShare1Regret"
"306","Patent.Useful.Time",-0.546556610349612,-0.631088878906447,-1.85169956794036,0.595830844846098,0,"Rejected","26","13aOrderShare1Regret"
"307","Fixed.Var.Ratio.",-0.821489145483119,-0.814637549009428,-2.12958600648986,1.54697844811981,0,"Rejected","27","13aOrderShare1Regret"
"308","Open.RD.4",-1.06956380089201,-0.86218991581434,-3.30686491827148,1.11275913028766,0,"Rejected","28","13aOrderShare1Regret"
"309","Tgt.Mkt.Share.2",-0.817971763581591,-0.879026493037298,-2.94120286729413,1.48744742394038,0,"Rejected","29","13aOrderShare1Regret"
"310","RD.Budgt.4",-1.0032365605059,-0.989136535287414,-2.30482890846281,0.413430877870192,0,"Rejected","30","13aOrderShare1Regret"
"311","RD.Budgt.3",-0.745646020670546,-0.99533470860563,-2.19118613257082,0.765894176560082,0,"Rejected","31","13aOrderShare1Regret"
"312","Sens.Attract.Avail.",-1.14878025127941,-1.25797645611374,-2.58478365535342,-0.285431512847222,0,"Rejected","32","13aOrderShare1Regret"
"313","Dif.Str.",-1.02116802237732,-1.33408124701086,-2.66337878020699,1.23075632940568,0,"Rejected","33","13aOrderShare1Regret"
"314","RD.Real.Time",-1.26643477245204,-1.34048359496052,-3.12574868816301,0.0268519157714997,0,"Rejected","34","13aOrderShare1Regret"
"315","Init.Reord.Share",-1.51538733829799,-1.53201428046798,-2.38948588800727,0.271182128920197,0,"Rejected","35","13aOrderShare1Regret"
"316","Demand.Elastic.",16.6733121020654,16.9103773526186,10.7099621550248,21.2654812601519,1,"Confirmed","1","13sTotalInstalledBaseRegret"
"317","Patent.Perf.Slope",5.71002649755149,5.8592911647249,1.39567453452018,10.0387119538134,0.888888888888889,"Confirmed","2","13sTotalInstalledBaseRegret"
"318","Cap.Utiliz.",3.84402290989058,3.68561587146891,0.754708382923121,8.58422360008273,0.686868686868687,"Confirmed","3","13sTotalInstalledBaseRegret"
"319","RD.Budgt.3",2.42434756624863,2.41651765459528,-1.06559347893106,5.69245477182464,0.494949494949495,"Tentative","4","13sTotalInstalledBaseRegret"
"320","Learn.Curv.Str.",2.30842860394994,2.38179254994238,-1.14219227631694,6.19309629850791,0.505050505050505,"Tentative","5","13sTotalInstalledBaseRegret"
"321","RD.Real.Time",2.09543280855781,2.19588996391768,-0.924878855304662,5.26828088099692,0.474747474747475,"Tentative","6","13sTotalInstalledBaseRegret"
"322","Sens.Attract.Perf.",1.19895383044962,1.43642161655227,-0.971502000403822,2.94245253532806,0.0707070707070707,"Rejected","7","13sTotalInstalledBaseRegret"
"323","Tgt.Mkt.Share.2",0.543921635366255,0.939795402500825,-2.13844974196656,2.37263045074111,0.0101010101010101,"Rejected","8","13sTotalInstalledBaseRegret"
"324","Sens.Attract.Price",0.530273831458945,0.762167658821854,-1.69127409169943,1.51596263561834,0,"Rejected","9","13sTotalInstalledBaseRegret"
"325","RD.Budgt.4",0.792794870649127,0.678470100506561,-0.912380756190503,2.60447517388318,0.0101010101010101,"Rejected","10","13sTotalInstalledBaseRegret"
"326","Dif.Str.",0.112931145344929,0.44906622951099,-1.53969053880763,1.25631328069597,0,"Rejected","11","13sTotalInstalledBaseRegret"
"327","Mkt.Strat.4",0.279502198758199,0.374491759006631,-1.21135826400413,1.70631137233162,0,"Rejected","12","13sTotalInstalledBaseRegret"
"328","Mkt.Size",0.341694320402388,0.338274231091725,-0.422558463991905,1.91277538089421,0,"Rejected","13","13sTotalInstalledBaseRegret"
"329","Inov.Adop.Fract.",0.263143699748336,0.102059315292314,-1.71362979206771,2.14618035351081,0,"Rejected","14","13sTotalInstalledBaseRegret"
"330","RD.Budgt.2",-0.102774398915378,0.0242363989628266,-1.22337731252138,1.10594117323923,0,"Rejected","15","13sTotalInstalledBaseRegret"
"331","Mkt.Strat.2",0.0228385207567177,-0.0134400526825062,-1.50952364803297,1.29353542046246,0,"Rejected","16","13sTotalInstalledBaseRegret"
"332","Mkt.Strat.3",-0.313185999748297,-0.139311606183739,-1.89776508361702,1.58651867735186,0,"Rejected","17","13sTotalInstalledBaseRegret"
"333","Open.RD.2",0.161388402527266,-0.151053549645918,-1.89613299923796,2.73738813224197,0.0101010101010101,"Rejected","18","13sTotalInstalledBaseRegret"
"334","Cap.Acqui.Delay",-0.0991806949360813,-0.200460365269689,-1.17566814835314,1.47326849652458,0,"Rejected","19","13sTotalInstalledBaseRegret"
"335","Patent.Useful.Time",-0.408358399823291,-0.240851617958116,-1.98292411711804,1.21799329817261,0,"Rejected","20","13sTotalInstalledBaseRegret"
"336","Sens.Attract.Avail.",0.0400660154573199,-0.246880324306016,-1.14862694272535,1.35991606104362,0,"Rejected","21","13sTotalInstalledBaseRegret"
"337","Tgt.Mkt.Share.4",-0.365667151903041,-0.275214903827192,-1.88101069039172,0.751250044468489,0,"Rejected","22","13sTotalInstalledBaseRegret"
"338","Sens.Price.Cost",-0.359213780474307,-0.293030136876947,-2.04562037938447,1.51475411097007,0,"Rejected","23","13sTotalInstalledBaseRegret"
"339","Fixed.Var.Ratio.",-0.392207457136626,-0.475886053092631,-1.47150250879454,1.37337307770826,0,"Rejected","24","13sTotalInstalledBaseRegret"
"340","Rej.Ratio",-0.45379247503022,-0.479394345871992,-2.02691312342492,0.806120895773204,0,"Rejected","25","13sTotalInstalledBaseRegret"
"341","Open.RD.4",-0.631109763418039,-0.591645304725768,-2.08766791881841,0.708850791353464,0,"Rejected","26","13sTotalInstalledBaseRegret"
"342","Rep.Delay",-0.326864151955351,-0.622023143900469,-1.08146265452829,1.75484823720145,0,"Rejected","27","13sTotalInstalledBaseRegret"
"343","Sens.Price.Share",-0.423257704951392,-0.634380598928102,-2.03212039770482,1.54546370278641,0,"Rejected","28","13sTotalInstalledBaseRegret"
"344","Discard.Rate",-0.597027282086975,-0.681562903087922,-3.27379297417013,1.6745114084193,0,"Rejected","29","13sTotalInstalledBaseRegret"
"345","Open.RD.3",-0.607052516675343,-0.875002772831352,-1.86513245679395,1.09524849136387,0,"Rejected","30","13sTotalInstalledBaseRegret"
"346","Init.Reord.Share",-0.716607342567878,-1.01368702491456,-2.16551027876044,1.6598278848512,0,"Rejected","31","13sTotalInstalledBaseRegret"
"347","Tgt.Mkt.Share.3",-1.42396912072262,-1.07307842136828,-2.77097650251344,0.150794673137633,0,"Rejected","32","13sTotalInstalledBaseRegret"
"348","Patent.Cost",-1.02611406274026,-1.13446201974999,-1.88188151112693,0.706482156454788,0,"Rejected","33","13sTotalInstalledBaseRegret"
"349","Sens.Price.Demmand.Suppl.",-1.43764304100409,-1.22190298927937,-2.73546765337628,-0.461341192210241,0,"Rejected","34","13sTotalInstalledBaseRegret"
"350","Patent.Eval.Time",-1.85107866297473,-1.97352338186363,-3.478049442036,-0.0970534472512319,0,"Rejected","35","13sTotalInstalledBaseRegret"
"351","Patent.Perf.Slope",31.6395786008546,33.2506542019822,17.513145863504,40.9633409423721,1,"Confirmed","1","13aPerformanceAvgRegret"
"352","Learn.Curv.Str.",3.71925956339954,4.02294904869933,0.546530788259113,7.18327732929091,0.626262626262626,"Tentative","2","13aPerformanceAvgRegret"
"353","Patent.Useful.Time",2.27601776628782,2.3244047086435,-0.633706210695793,4.68527704841018,0.404040404040404,"Tentative","3","13aPerformanceAvgRegret"
"354","Fixed.Var.Ratio.",1.64545960524759,1.55508566318739,-1.34721533791635,4.80656559951491,0.292929292929293,"Rejected","4","13aPerformanceAvgRegret"
"355","RD.Budgt.4",1.23070634314414,1.44456598573195,-2.67783000290205,4.24240865585742,0.242424242424242,"Rejected","5","13aPerformanceAvgRegret"
"356","Mkt.Size",1.15622036452142,1.12359137614961,-1.9274454616618,4.29601036533141,0.171717171717172,"Rejected","6","13aPerformanceAvgRegret"
"357","Sens.Attract.Perf.",0.548038241554299,0.913122115963839,-1.98333991631524,2.76033504395597,0.0101010101010101,"Rejected","7","13aPerformanceAvgRegret"
"358","Mkt.Strat.2",0.14659682196973,0.307525851132579,-1.66749033767038,1.21318218511067,0,"Rejected","8","13aPerformanceAvgRegret"
"359","Init.Reord.Share",0.0850093437230366,0.251624287082831,-1.87485826005293,1.31560963765467,0,"Rejected","9","13aPerformanceAvgRegret"
"360","Rep.Delay",0.162339130545854,0.206246009965071,-1.81487125302861,2.24583686393961,0,"Rejected","10","13aPerformanceAvgRegret"
"361","Tgt.Mkt.Share.2",0.0700047366226297,0.0947777549629051,-1.40591504236263,2.04237435312522,0,"Rejected","11","13aPerformanceAvgRegret"
"362","Demand.Elastic.",-0.281737133194652,0.0759280852128457,-3.31434359949899,1.38816999960317,0,"Rejected","12","13aPerformanceAvgRegret"
"363","Discard.Rate",-0.0847754230642097,0.0438353905107775,-2.00304189719719,1.53236694992946,0,"Rejected","13","13aPerformanceAvgRegret"
"364","Sens.Attract.Price",0.010220141216899,0.0187923415496118,-1.48252627717686,1.44780553689749,0,"Rejected","14","13aPerformanceAvgRegret"
"365","Sens.Attract.Avail.",-0.213253060192339,-0.0119160806340263,-1.96625139890284,0.539962001051276,0,"Rejected","15","13aPerformanceAvgRegret"
"366","Cap.Utiliz.",-0.208390853880482,-0.0770507076239824,-2.80312308486277,1.36395838059369,0,"Rejected","16","13aPerformanceAvgRegret"
"367","Inov.Adop.Fract.",0.00899852520247431,-0.130726959102286,-1.2454535845889,1.99245464014002,0,"Rejected","17","13aPerformanceAvgRegret"
"368","Mkt.Strat.3",-0.0867143035716469,-0.218119253354695,-2.47820748218764,1.62579065027027,0,"Rejected","18","13aPerformanceAvgRegret"
"369","Open.RD.4",-0.0364392518328101,-0.226531470177617,-1.41886350283235,2.07835982747066,0,"Rejected","19","13aPerformanceAvgRegret"
"370","Rej.Ratio",-0.331250846307218,-0.323096863418986,-1.37944510254119,1.2519964986953,0,"Rejected","20","13aPerformanceAvgRegret"
"371","Patent.Eval.Time",-0.521461383202159,-0.424923267821599,-2.48277107871991,0.800456401696825,0,"Rejected","21","13aPerformanceAvgRegret"
"372","RD.Real.Time",-0.66486659944362,-0.483539823563246,-2.40005157418639,0.599174025940147,0,"Rejected","22","13aPerformanceAvgRegret"
"373","Dif.Str.",-0.528556670350788,-0.547671244142847,-1.84946875211487,0.792711679153532,0,"Rejected","23","13aPerformanceAvgRegret"
"374","Patent.Cost",-0.39638839910009,-0.602303241565517,-1.70807081008752,0.905371814235464,0,"Rejected","24","13aPerformanceAvgRegret"
"375","Sens.Price.Cost",-0.676161576422764,-0.645425977668742,-2.06889557141642,1.26132125742171,0,"Rejected","25","13aPerformanceAvgRegret"
"376","Open.RD.3",-0.303385733981067,-0.682175415777219,-2.085564730744,2.37840065161989,0.0101010101010101,"Rejected","26","13aPerformanceAvgRegret"
"377","Cap.Acqui.Delay",-0.694575886061021,-0.711729309301361,-2.46642072302562,1.52448313497228,0,"Rejected","27","13aPerformanceAvgRegret"
"378","Mkt.Strat.4",-0.338802642860082,-0.722956384012058,-1.71677232205582,1.1586906469002,0,"Rejected","28","13aPerformanceAvgRegret"
"379","Sens.Price.Share",-1.0619477974951,-0.966060484012775,-2.56791009390617,0.0913688829684469,0,"Rejected","29","13aPerformanceAvgRegret"
"380","RD.Budgt.3",-0.802750317837906,-0.992429247900391,-1.84553763827186,1.26926471536274,0,"Rejected","30","13aPerformanceAvgRegret"
"381","Open.RD.2",-1.16664086898494,-1.12687600757774,-3.43766513344696,1.90287796688264,0.0101010101010101,"Rejected","31","13aPerformanceAvgRegret"
"382","Tgt.Mkt.Share.4",-1.11573413177299,-1.24490984237318,-3.03368303384001,1.1200771222115,0.0101010101010101,"Rejected","32","13aPerformanceAvgRegret"
"383","Tgt.Mkt.Share.3",-1.07336929132356,-1.49165919804994,-2.61420002382553,2.01704844950775,0,"Rejected","33","13aPerformanceAvgRegret"
"384","Sens.Price.Demmand.Suppl.",-1.54181814516787,-1.506985792016,-2.52649552660546,-0.143246420229289,0,"Rejected","34","13aPerformanceAvgRegret"
"385","RD.Budgt.2",-1.16707109874148,-1.63080246974786,-2.56421847176984,0.934104569637674,0,"Rejected","35","13aPerformanceAvgRegret"
"386","Patent.Perf.Slope",13.1910158227172,13.3735430674124,7.53119608793038,17.6360998852137,1,"Confirmed","1","13sPriceAvgRegret"
"387","Mkt.Strat.2",6.1058634272712,6.44010291958861,0.513104897652314,9.78373171375947,0.868686868686869,"Confirmed","2","13sPriceAvgRegret"
"388","RD.Budgt.4",4.15280574244734,4.16083286614574,1.18016856722234,6.61398110381134,0.757575757575758,"Confirmed","3","13sPriceAvgRegret"
"389","Sens.Attract.Perf.",3.09846887524058,3.01453854382668,0.00365122622497551,6.53983038043451,0.616161616161616,"Tentative","4","13sPriceAvgRegret"
"390","Mkt.Size",1.56813057574479,1.355791235583,0.429717630782236,2.39633534272795,0,"Rejected","5","13sPriceAvgRegret"
"391","Cap.Utiliz.",0.928126336752492,0.942534720334082,-0.674848544922544,2.83276904313724,0,"Rejected","6","13sPriceAvgRegret"
"392","Sens.Price.Cost",0.691873426153953,0.874903034045079,-1.25266438189994,1.60718638761365,0,"Rejected","7","13sPriceAvgRegret"
"393","RD.Real.Time",0.600726518065163,0.748170622078546,-1.52274977984467,2.25208610750679,0,"Rejected","8","13sPriceAvgRegret"
"394","Patent.Useful.Time",0.653931899292009,0.593908660294632,-0.779508761462141,1.69659604962927,0,"Rejected","9","13sPriceAvgRegret"
"395","Sens.Price.Demmand.Suppl.",0.516959722080754,0.446329471336188,-1.29321783896818,1.60943852593017,0,"Rejected","10","13sPriceAvgRegret"
"396","Init.Reord.Share",-0.224161530745807,0.081634336326318,-2.88059730619205,0.898220944110116,0,"Rejected","11","13sPriceAvgRegret"
"397","Learn.Curv.Str.",-0.244316032700971,0.0738085323254325,-2.37972000121624,1.52937448030648,0,"Rejected","12","13sPriceAvgRegret"
"398","Discard.Rate",-0.0857362125314146,-0.0540993935216915,-2.04030064073071,1.48727944866608,0,"Rejected","13","13sPriceAvgRegret"
"399","Open.RD.4",-0.0198222863820318,-0.081185236036509,-1.47184760427953,1.55404637963683,0,"Rejected","14","13sPriceAvgRegret"
"400","Rej.Ratio",-0.24936633487486,-0.107820847390938,-4.38083790203294,2.4687280076635,0.0101010101010101,"Rejected","15","13sPriceAvgRegret"
"401","Dif.Str.",-0.345503625199353,-0.186437211988216,-2.0794231651403,1.62218051230072,0,"Rejected","16","13sPriceAvgRegret"
"402","Mkt.Strat.4",-0.176351389230721,-0.204891257650129,-2.63612287521954,2.21134918279693,0,"Rejected","17","13sPriceAvgRegret"
"403","RD.Budgt.2",-0.532057114852629,-0.228368577580106,-2.01658419323033,0.923142958433587,0,"Rejected","18","13sPriceAvgRegret"
"404","Open.RD.3",-0.140967677019494,-0.313586266187224,-1.77952220377131,1.75733842966614,0,"Rejected","19","13sPriceAvgRegret"
"405","Rep.Delay",-0.520147231704029,-0.329877884619624,-2.15870449220408,0.375521032561152,0,"Rejected","20","13sPriceAvgRegret"
"406","Open.RD.2",-0.322210742141914,-0.380669973092352,-2.19304234785514,1.88013139398622,0,"Rejected","21","13sPriceAvgRegret"
"407","Mkt.Strat.3",-0.502274047013667,-0.499411712423309,-1.72988600042914,1.32470196932373,0,"Rejected","22","13sPriceAvgRegret"
"408","Tgt.Mkt.Share.3",-0.435781918087899,-0.558483582747101,-2.12230235690727,1.08529086901781,0,"Rejected","23","13sPriceAvgRegret"
"409","Sens.Price.Share",-0.727929218168634,-0.616351377426828,-1.75272608547236,0.422563377183056,0,"Rejected","24","13sPriceAvgRegret"
"410","Tgt.Mkt.Share.2",-0.365800076500547,-0.651436676800035,-1.34164544373304,1.16147949365565,0,"Rejected","25","13sPriceAvgRegret"
"411","Patent.Eval.Time",-1.00070923101348,-0.663002424858893,-2.71849719709536,-0.0553948229710887,0,"Rejected","26","13sPriceAvgRegret"
"412","Sens.Attract.Price",-0.678994575264685,-0.682743042527434,-1.88831046234444,0.668217675083138,0,"Rejected","27","13sPriceAvgRegret"
"413","Inov.Adop.Fract.",-0.943593865865137,-0.91134828144235,-2.91497590236647,0.899558892686332,0,"Rejected","28","13sPriceAvgRegret"
"414","Sens.Attract.Avail.",-1.20850794510621,-0.917310034926232,-2.34446911385037,-0.278360614983374,0,"Rejected","29","13sPriceAvgRegret"
"415","Cap.Acqui.Delay",-1.09881425748679,-0.937980411550712,-3.09970921321498,0.114376786799209,0,"Rejected","30","13sPriceAvgRegret"
"416","RD.Budgt.3",-1.01823303134244,-0.957773689314059,-1.70806836176946,-0.114014049575811,0,"Rejected","31","13sPriceAvgRegret"
"417","Tgt.Mkt.Share.4",-0.642215530080719,-0.977920242113606,-2.43065411465884,1.70615243245394,0,"Rejected","32","13sPriceAvgRegret"
"418","Fixed.Var.Ratio.",-0.940352128822995,-1.14404820116512,-2.92490494251947,0.825928251873074,0,"Rejected","33","13sPriceAvgRegret"
"419","Demand.Elastic.",-0.950777767235067,-1.16388918363847,-1.69093749945105,0.620878853518028,0,"Rejected","34","13sPriceAvgRegret"
"420","Patent.Cost",-1.20178200619421,-1.1897405827757,-2.34943275091652,0.435673562199107,0,"Rejected","35","13sPriceAvgRegret"
"421","Mkt.Size",16.8200253954756,17.5771161958278,10.3139640802502,20.1476047484405,1,"Confirmed","1","15sNPVProfit1Regret"
"422","Mkt.Strat.4",10.0629221222461,10.5013262377275,3.72779481572061,12.9019989278911,1,"Confirmed","2","15sNPVProfit1Regret"
"423","Mkt.Strat.2",6.47941249379204,6.70473867898001,2.65790499296589,9.4454869346707,0.94949494949495,"Confirmed","3","15sNPVProfit1Regret"
"424","Sens.Attract.Price",5.89557220911722,5.82939411751017,1.0198054564333,8.73820820562131,0.939393939393939,"Confirmed","4","15sNPVProfit1Regret"
"425","Cap.Utiliz.",4.38325827641195,4.42198885164465,1.09086540194339,7.2998464890841,0.818181818181818,"Confirmed","5","15sNPVProfit1Regret"
"426","Rep.Delay",3.33089423228513,3.43162885469002,-0.0235974655329521,6.84565331053208,0.707070707070707,"Confirmed","6","15sNPVProfit1Regret"
"427","Patent.Perf.Slope",3.2850174453618,3.26774138789204,0.524121197219366,5.77165917681888,0.636363636363636,"Tentative","7","15sNPVProfit1Regret"
"428","Discard.Rate",2.2034857657604,2.21536070000291,-1.17572605480067,4.45830089262726,0.505050505050505,"Tentative","8","15sNPVProfit1Regret"
"429","Cap.Acqui.Delay",1.6569863263218,1.70110580883184,-0.776493021780328,4.4748873073211,0.323232323232323,"Rejected","9","15sNPVProfit1Regret"
"430","Init.Reord.Share",1.55285196038565,1.60594748173548,-1.57846061886818,4.11602158720147,0.363636363636364,"Tentative","10","15sNPVProfit1Regret"
"431","Rej.Ratio",0.137578256844085,0.561694368403745,-3.01168310974312,1.59459046025238,0,"Rejected","11","15sNPVProfit1Regret"
"432","Sens.Attract.Perf.",0.646571887155956,0.550296131623754,-0.694757534556676,2.35646847056994,0,"Rejected","12","15sNPVProfit1Regret"
"433","Fixed.Var.Ratio.",0.222342065312901,0.396100881574331,-1.39703594415377,2.27334633871669,0.0101010101010101,"Rejected","13","15sNPVProfit1Regret"
"434","Demand.Elastic.",0.261587219649437,0.324415534133324,-1.74440520670839,1.79255210510816,0,"Rejected","14","15sNPVProfit1Regret"
"435","RD.Budgt.4",0.396235053192183,0.302188207866574,-1.3565901975284,2.40773195852716,0,"Rejected","15","15sNPVProfit1Regret"
"436","Tgt.Mkt.Share.2",0.175626901197696,0.28977734220604,-1.32498010038799,1.56025737443814,0,"Rejected","16","15sNPVProfit1Regret"
"437","Patent.Useful.Time",0.100447821917594,0.271253302258668,-1.32792554925794,1.82420975723422,0,"Rejected","17","15sNPVProfit1Regret"
"438","Learn.Curv.Str.",0.0129131691149531,0.0490885426927275,-1.35505257883392,1.23554654775316,0,"Rejected","18","15sNPVProfit1Regret"
"439","Sens.Price.Cost",-0.0729675641584636,-0.137657604895186,-2.01639331527908,1.92966241760334,0,"Rejected","19","15sNPVProfit1Regret"
"440","Open.RD.2",0.17298232290385,-0.173306140329855,-0.863446713890557,2.24340323924573,0,"Rejected","20","15sNPVProfit1Regret"
"441","Sens.Price.Share",-0.167800990802192,-0.186220892038995,-1.92674832045224,1.44791826166646,0,"Rejected","21","15sNPVProfit1Regret"
"442","RD.Budgt.2",-0.246235618590789,-0.281153349752419,-1.9044947530297,1.37505380309652,0,"Rejected","22","15sNPVProfit1Regret"
"443","Open.RD.4",-0.0552791140002421,-0.288941194750761,-1.05050389666467,0.99394924164343,0,"Rejected","23","15sNPVProfit1Regret"
"444","RD.Budgt.3",-0.416513245150019,-0.317909347264952,-2.54296607275271,0.612710100152952,0,"Rejected","24","15sNPVProfit1Regret"
"445","RD.Real.Time",-0.329026597311906,-0.35730086598023,-1.09457012680964,1.81853000550285,0,"Rejected","25","15sNPVProfit1Regret"
"446","Inov.Adop.Fract.",-0.186351454067329,-0.413408777863122,-1.2020877681136,0.984535207433863,0,"Rejected","26","15sNPVProfit1Regret"
"447","Patent.Cost",-0.537177949002214,-0.490036480753771,-2.67678237807191,1.49754941276341,0,"Rejected","27","15sNPVProfit1Regret"
"448","Sens.Attract.Avail.",-0.568551710432927,-0.524480892470018,-2.30254147117658,1.20161422274286,0,"Rejected","28","15sNPVProfit1Regret"
"449","Patent.Eval.Time",-0.511219346196179,-0.599402363893323,-2.01072407482683,1.5087170396054,0,"Rejected","29","15sNPVProfit1Regret"
"450","Open.RD.3",-0.732753151471568,-0.726291768961724,-2.06115493303456,1.06714486288862,0,"Rejected","30","15sNPVProfit1Regret"
"451","Tgt.Mkt.Share.3",-0.93454459969114,-0.730058490169861,-2.20838937976828,0.239190727687479,0,"Rejected","31","15sNPVProfit1Regret"
"452","Dif.Str.",-0.983505969530878,-0.97349741146624,-2.82660091060906,1.9302421273795,0,"Rejected","32","15sNPVProfit1Regret"
"453","Mkt.Strat.3",-0.429376019949723,-1.00535767948442,-2.02178644947086,2.00079342383956,0,"Rejected","33","15sNPVProfit1Regret"
"454","Sens.Price.Demmand.Suppl.",-1.34139437081082,-1.4394189846106,-2.96836493022436,0.279908926340267,0,"Rejected","34","15sNPVProfit1Regret"
"455","Tgt.Mkt.Share.4",-1.63811590462551,-1.92578638366622,-2.94250560344403,-0.182354698610394,0,"Rejected","35","15sNPVProfit1Regret"
"456","Patent.Perf.Slope",9.9340167065936,10.1773752922461,5.82614536659027,12.9682248533259,0.98989898989899,"Confirmed","1","15aPerformance1Regret"
"457","Rej.Ratio",7.37727733068789,7.53699691084668,3.00570596089706,11.1359671331878,0.96969696969697,"Confirmed","2","15aPerformance1Regret"
"458","Tgt.Mkt.Share.4",5.178242280026,5.34309846992993,0.521546850023225,9.3355651983035,0.808080808080808,"Confirmed","3","15aPerformance1Regret"
"459","Mkt.Size",4.06127258298255,4.20177015216663,0.0487181417465323,8.17686055363304,0.717171717171717,"Confirmed","4","15aPerformance1Regret"
"460","Learn.Curv.Str.",2.3736399942511,2.30034129034283,-0.174312559213054,5.02188922744292,0.484848484848485,"Tentative","5","15aPerformance1Regret"
"461","Fixed.Var.Ratio.",1.1345075118353,1.11759861003133,-0.307010083301681,2.90499826585024,0,"Rejected","6","15aPerformance1Regret"
"462","RD.Budgt.4",0.806790869080333,0.988904998705884,-1.2441887283865,2.35429828135172,0,"Rejected","7","15aPerformance1Regret"
"463","Mkt.Strat.3",0.44111436776672,0.712390702097147,-0.97163604604053,1.64952009600259,0,"Rejected","8","15aPerformance1Regret"
"464","Patent.Useful.Time",0.668051677267048,0.679344446192075,-0.601502511105623,2.27883996895965,0,"Rejected","9","15aPerformance1Regret"
"465","Init.Reord.Share",0.141355119495269,0.175399477396508,-1.28468296272064,2.4538373488064,0,"Rejected","10","15aPerformance1Regret"
"466","Discard.Rate",0.182678454683168,0.16035641880479,-0.905268614085587,1.15895975214098,0,"Rejected","11","15aPerformance1Regret"
"467","Cap.Utiliz.",-0.0753898181557191,-0.0031262755396041,-2.10059339535848,1.18852421952166,0,"Rejected","12","15aPerformance1Regret"
"468","Patent.Cost",-0.123526101136213,-0.177420109738257,-1.68371798639885,0.920401249856056,0,"Rejected","13","15aPerformance1Regret"
"469","Sens.Price.Demmand.Suppl.",-0.0484047618792843,-0.197877728773309,-2.09831156961146,1.4403169296546,0,"Rejected","14","15aPerformance1Regret"
"470","RD.Budgt.2",-0.197729328815202,-0.232673260135396,-1.51816383890394,0.916282772044243,0,"Rejected","15","15aPerformance1Regret"
"471","Sens.Price.Cost",-0.353809920379674,-0.241172317961499,-2.21887093245191,1.08217859986355,0,"Rejected","16","15aPerformance1Regret"
"472","Mkt.Strat.4",-0.397096198457974,-0.403582177953448,-2.04955181834999,0.832885447964992,0,"Rejected","17","15aPerformance1Regret"
"473","Patent.Eval.Time",-0.680360594231703,-0.431864146837683,-2.86560054714586,1.35242642182394,0,"Rejected","18","15aPerformance1Regret"
"474","Cap.Acqui.Delay",-0.791931933050804,-0.472587167006565,-3.99335741709152,0.0534244242642609,0,"Rejected","19","15aPerformance1Regret"
"475","Sens.Attract.Avail.",-0.361775056307693,-0.492122242523163,-1.47225878280846,0.953487362087357,0,"Rejected","20","15aPerformance1Regret"
"476","Mkt.Strat.2",-0.450808883865847,-0.600600139531362,-1.15484242266829,0.548180603347096,0,"Rejected","21","15aPerformance1Regret"
"477","Demand.Elastic.",-0.82193607881944,-0.631293263171792,-2.85702128968656,0.262130433743451,0,"Rejected","22","15aPerformance1Regret"
"478","RD.Budgt.3",-0.653885241707033,-0.636627659370206,-2.37690826877535,0.683267441421243,0,"Rejected","23","15aPerformance1Regret"
"479","Sens.Price.Share",-0.843557930858943,-0.752955454598024,-2.54166168608793,0.171626974241687,0,"Rejected","24","15aPerformance1Regret"
"480","Open.RD.3",-0.670162216429066,-0.820638132763583,-1.79924310208731,1.23143254458328,0,"Rejected","25","15aPerformance1Regret"
"481","RD.Real.Time",-1.0026432418623,-0.887885521383853,-2.64491956179467,0.769399436504249,0,"Rejected","26","15aPerformance1Regret"
"482","Rep.Delay",-0.672448402082426,-0.900015486330469,-2.31166739454173,1.62966690336486,0,"Rejected","27","15aPerformance1Regret"
"483","Open.RD.4",-1.01737058422938,-0.91954799110314,-2.92638518917237,0.489077541641537,0,"Rejected","28","15aPerformance1Regret"
"484","Dif.Str.",-0.932246127829611,-0.943031243606079,-3.63983397760036,1.71960509677226,0,"Rejected","29","15aPerformance1Regret"
"485","Sens.Attract.Perf.",-1.02440378952405,-0.990604062927612,-2.80610276039325,0.229091051131989,0,"Rejected","30","15aPerformance1Regret"
"486","Inov.Adop.Fract.",-0.90592444628071,-1.08107268914979,-2.16902689208941,0.44858098417063,0,"Rejected","31","15aPerformance1Regret"
"487","Tgt.Mkt.Share.2",-0.838959064724884,-1.16495818404372,-2.39498543797115,1.13716776865339,0,"Rejected","32","15aPerformance1Regret"
"488","Sens.Attract.Price",-1.1888750647008,-1.18016716134708,-2.647457592631,0.165335845751434,0,"Rejected","33","15aPerformance1Regret"
"489","Tgt.Mkt.Share.3",-1.27590693700052,-1.27274117344724,-2.67217178691344,0.072266772650749,0,"Rejected","34","15aPerformance1Regret"
"490","Open.RD.2",-1.46240568109057,-1.73902688457395,-2.52852931337785,0.210809070091368,0,"Rejected","35","15aPerformance1Regret"
"491","Patent.Perf.Slope",9.70937173307553,10.1018306938588,2.4603213989695,13.853299913676,0.98989898989899,"Confirmed","1","15aOrderShare1Regret"
"492","Cap.Utiliz.",8.02698923024512,8.27465558181824,2.3543085436547,12.4391113220465,0.97979797979798,"Confirmed","2","15aOrderShare1Regret"
"493","Mkt.Strat.2",6.05846786838016,6.27383058505292,1.12772632375394,9.32508235678323,0.848484848484849,"Confirmed","3","15aOrderShare1Regret"
"494","Patent.Useful.Time",4.82028209623905,5.04374780928268,0.482888092595002,8.15402417617464,0.838383838383838,"Confirmed","4","15aOrderShare1Regret"
"495","Sens.Attract.Price",4.13982807261087,4.18776503293183,1.05169628513777,7.35243049394824,0.767676767676768,"Confirmed","5","15aOrderShare1Regret"
"496","Fixed.Var.Ratio.",2.98998393602755,3.01277057429017,-0.664675889965212,5.52219479866915,0.636363636363636,"Tentative","6","15aOrderShare1Regret"
"497","Sens.Price.Cost",1.60474658745253,1.63592139523346,-1.42317971982599,4.58812669749496,0.323232323232323,"Rejected","7","15aOrderShare1Regret"
"498","Inov.Adop.Fract.",1.23602246353787,1.34334679347028,-2.030421337863,3.79932713039833,0.272727272727273,"Rejected","8","15aOrderShare1Regret"
"499","Sens.Attract.Perf.",1.17460054343874,1.02805048649671,-1.30185857199211,2.5715216443459,0,"Rejected","9","15aOrderShare1Regret"
"500","Patent.Cost",0.722257827639955,0.691625595560384,-1.80650678964037,2.56896183441722,0.0101010101010101,"Rejected","10","15aOrderShare1Regret"
"501","Discard.Rate",0.511238522091082,0.664965195607688,-1.82994570690568,2.87172760215727,0.0101010101010101,"Rejected","11","15aOrderShare1Regret"
"502","Sens.Price.Share",0.396963832871123,0.275678209793744,-0.513081431135584,1.46664749927176,0,"Rejected","12","15aOrderShare1Regret"
"503","Rep.Delay",0.237007687849882,0.144918496632299,-1.68956760094163,2.32161421164235,0.0101010101010101,"Rejected","13","15aOrderShare1Regret"
"504","Sens.Price.Demmand.Suppl.",0.217622078571143,0.0990883679606241,-1.92724920674366,2.87602447431338,0.0101010101010101,"Rejected","14","15aOrderShare1Regret"
"505","Mkt.Strat.4",0.268942467437415,0.0503617360509658,-1.29234236240554,2.70929775068202,0,"Rejected","15","15aOrderShare1Regret"
"506","Learn.Curv.Str.",-0.0462183221375062,0.0266435421610055,-2.34703039917414,2.46565175281284,0,"Rejected","16","15aOrderShare1Regret"
"507","Open.RD.4",0.0455531416042938,-0.0695575073402536,-1.84433744085185,1.68582918588941,0,"Rejected","17","15aOrderShare1Regret"
"508","RD.Budgt.4",-0.176848222199092,-0.0735067623437155,-2.33282022334133,2.16703550914508,0.0202020202020202,"Rejected","18","15aOrderShare1Regret"
"509","Rej.Ratio",-0.477873405818921,-0.116629236164644,-2.84909767457955,0.481055702360996,0,"Rejected","19","15aOrderShare1Regret"
"510","Mkt.Strat.3",-0.167197912254035,-0.12227973734245,-1.98030588752339,0.907657569057652,0,"Rejected","20","15aOrderShare1Regret"
"511","Open.RD.3",-0.699289983181299,-0.273874765371859,-2.48682239359414,0.515316780614634,0,"Rejected","21","15aOrderShare1Regret"
"512","Init.Reord.Share",-0.488262245166151,-0.45426261936897,-2.63943466414875,1.79332698542504,0,"Rejected","22","15aOrderShare1Regret"
"513","Tgt.Mkt.Share.4",-0.627345329126967,-0.524461407883788,-2.32274769560035,0.875381568471524,0,"Rejected","23","15aOrderShare1Regret"
"514","Tgt.Mkt.Share.2",-0.806180803354522,-0.590649255123857,-2.45254436778523,0.265234604047557,0,"Rejected","24","15aOrderShare1Regret"
"515","RD.Budgt.2",-0.547126741085585,-0.61383205677993,-3.17759671009039,1.88105212023976,0.0101010101010101,"Rejected","25","15aOrderShare1Regret"
"516","Sens.Attract.Avail.",-0.900802985920283,-0.686435988401122,-2.4959808995741,-0.0861649169902194,0,"Rejected","26","15aOrderShare1Regret"
"517","Tgt.Mkt.Share.3",-0.760921147112542,-0.711110823210316,-2.37995378663428,0.890654862601924,0,"Rejected","27","15aOrderShare1Regret"
"518","Mkt.Size",-0.585102143365164,-0.73273699419044,-2.27965024720364,1.54249155615166,0,"Rejected","28","15aOrderShare1Regret"
"519","Patent.Eval.Time",-0.963613210170125,-0.804034913157648,-2.53053751024756,0.732806261370151,0,"Rejected","29","15aOrderShare1Regret"
"520","Open.RD.2",-0.828734483464181,-0.814259797264838,-3.06345790524852,0.697285178918437,0,"Rejected","30","15aOrderShare1Regret"
"521","Cap.Acqui.Delay",-0.553511739596451,-0.819387132738607,-1.48725934266604,1.12588805374067,0,"Rejected","31","15aOrderShare1Regret"
"522","RD.Real.Time",-1.08210034559722,-0.840125462891687,-3.03621919873188,-0.0354332966211678,0,"Rejected","32","15aOrderShare1Regret"
"523","Demand.Elastic.",-0.917418502438077,-0.977276368394585,-2.83527924059963,0.345743327822221,0,"Rejected","33","15aOrderShare1Regret"
"524","Dif.Str.",-0.807261881746949,-1.03603446238436,-2.10990640084319,1.11863814182706,0,"Rejected","34","15aOrderShare1Regret"
"525","RD.Budgt.3",-1.20616190635131,-1.13128436931747,-4.36149901818552,0.309894782884525,0,"Rejected","35","15aOrderShare1Regret"
"526","Demand.Elastic.",22.3966867857034,23.1204185935857,12.9396738185006,28.7806054848305,1,"Confirmed","1","15sTotalInstalledBaseRegret"
"527","Patent.Perf.Slope",6.00127200051309,6.18924794999523,0.973989394114579,9.84208739682678,0.848484848484849,"Confirmed","2","15sTotalInstalledBaseRegret"
"528","Mkt.Size",4.95568833780216,4.90320742246366,0.782959140255005,9.0598469521482,0.797979797979798,"Confirmed","3","15sTotalInstalledBaseRegret"
"529","Rej.Ratio",2.0416140727244,1.85129084724534,-1.36581011930713,7.01509524277861,0.393939393939394,"Tentative","4","15sTotalInstalledBaseRegret"
"530","RD.Real.Time",1.12817422301005,1.3358275919178,-0.869316928542678,2.44157609210263,0,"Rejected","5","15sTotalInstalledBaseRegret"
"531","RD.Budgt.3",1.10229044145164,0.936353240100358,-1.2730932787008,3.97701515676159,0.121212121212121,"Rejected","6","15sTotalInstalledBaseRegret"
"532","Discard.Rate",0.731145357213402,0.848821067548342,-1.02189293670097,2.54956953836964,0,"Rejected","7","15sTotalInstalledBaseRegret"
"533","Rep.Delay",0.791855215718356,0.720711056836287,-1.10188873882511,3.03447191123942,0,"Rejected","8","15sTotalInstalledBaseRegret"
"534","Sens.Attract.Price",0.467337545569895,0.51437499404367,-1.16698703259111,1.7227284700733,0,"Rejected","9","15sTotalInstalledBaseRegret"
"535","Mkt.Strat.4",0.593814044958925,0.454049012588016,-0.292817210324584,1.77456319481216,0,"Rejected","10","15sTotalInstalledBaseRegret"
"536","RD.Budgt.4",0.368345991468215,0.255951329299976,-0.337117338429143,1.46922838520193,0,"Rejected","11","15sTotalInstalledBaseRegret"
"537","Mkt.Strat.2",0.0161546773902239,0.126285492156488,-2.02200188439467,2.77362770302059,0.0101010101010101,"Rejected","12","15sTotalInstalledBaseRegret"
"538","Sens.Price.Demmand.Suppl.",0.366408016886897,0.102205049811001,-1.1422807510909,2.41589880280443,0,"Rejected","13","15sTotalInstalledBaseRegret"
"539","Dif.Str.",-0.303064852209761,0.0295492024786695,-2.11625180133487,1.15912100461617,0,"Rejected","14","15sTotalInstalledBaseRegret"
"540","Learn.Curv.Str.",-0.114526796980965,-0.0205031099928086,-1.53498879775077,1.00095835829041,0,"Rejected","15","15sTotalInstalledBaseRegret"
"541","Mkt.Strat.3",0.0846163902344677,-0.0797175075762093,-1.75200743042397,2.05942471737813,0,"Rejected","16","15sTotalInstalledBaseRegret"
"542","Patent.Cost",-0.201919255449059,-0.0998737330935687,-2.01590003820276,1.65059692360116,0,"Rejected","17","15sTotalInstalledBaseRegret"
"543","Tgt.Mkt.Share.3",-0.248137840730107,-0.107432691230603,-1.84393787645238,1.49409599584746,0,"Rejected","18","15sTotalInstalledBaseRegret"
"544","Sens.Attract.Perf.",-0.0730555686527619,-0.13853644751968,-2.07635890675626,2.04140872606026,0,"Rejected","19","15sTotalInstalledBaseRegret"
"545","Fixed.Var.Ratio.",-0.565463879984499,-0.15349959732213,-1.70724531223449,0.613123214814994,0,"Rejected","20","15sTotalInstalledBaseRegret"
"546","Patent.Useful.Time",-0.142685618624445,-0.173898889161268,-1.44870378500905,1.58038717983995,0,"Rejected","21","15sTotalInstalledBaseRegret"
"547","Sens.Price.Share",-0.427961604372946,-0.206041615894428,-2.02703898688825,1.60941356850503,0,"Rejected","22","15sTotalInstalledBaseRegret"
"548","RD.Budgt.2",-0.00874708280719962,-0.242981998365611,-1.64701270336635,1.80127035143585,0,"Rejected","23","15sTotalInstalledBaseRegret"
"549","Sens.Attract.Avail.",-0.236357204032636,-0.324822432584078,-1.76330311229144,1.94499686580061,0,"Rejected","24","15sTotalInstalledBaseRegret"
"550","Init.Reord.Share",-0.533412362315428,-0.496280967466893,-1.59847838098511,0.181082768526657,0,"Rejected","25","15sTotalInstalledBaseRegret"
"551","Tgt.Mkt.Share.2",-0.36223758429218,-0.508037532898304,-1.43450371737845,1.11233687322557,0,"Rejected","26","15sTotalInstalledBaseRegret"
"552","Open.RD.3",-0.791040202894036,-0.605163406177016,-3.29324400004434,0.798106843554003,0,"Rejected","27","15sTotalInstalledBaseRegret"
"553","Open.RD.2",-0.705986452851904,-0.614095592174239,-1.74231074014582,0.455155254865419,0,"Rejected","28","15sTotalInstalledBaseRegret"
"554","Inov.Adop.Fract.",-0.643249924572605,-0.634810690432973,-2.02447792960354,0.610209389583138,0,"Rejected","29","15sTotalInstalledBaseRegret"
"555","Patent.Eval.Time",-0.557924329206728,-0.653495184821354,-2.04369015032754,0.728350263540616,0,"Rejected","30","15sTotalInstalledBaseRegret"
"556","Cap.Utiliz.",-0.414595320216313,-0.666012516565227,-1.67965762070741,2.34048481371611,0,"Rejected","31","15sTotalInstalledBaseRegret"
"557","Tgt.Mkt.Share.4",-0.959054903682298,-0.825727027493319,-2.56836089401103,0.334632697345912,0,"Rejected","32","15sTotalInstalledBaseRegret"
"558","Open.RD.4",-0.91658490993674,-0.905008909807653,-2.0272547723967,0.259602451080737,0,"Rejected","33","15sTotalInstalledBaseRegret"
"559","Sens.Price.Cost",-1.2884138068523,-1.21707457616077,-3.22639036300258,0.735625120625733,0,"Rejected","34","15sTotalInstalledBaseRegret"
"560","Cap.Acqui.Delay",-1.40430109359369,-1.38858720989582,-3.45019855655701,0.415913066326608,0,"Rejected","35","15sTotalInstalledBaseRegret"
"561","Patent.Perf.Slope",40.1486421958635,42.3611084647135,19.8995064869008,48.9726549002525,1,"Confirmed","1","15aPerformanceAvgRegret"
"562","RD.Budgt.4",3.30453538100145,3.35387626371151,-1.34742933695455,7.32760670317411,0.565656565656566,"Tentative","2","15aPerformanceAvgRegret"
"563","Open.RD.3",2.77296289283512,2.75672229631941,-0.548830636011794,5.9229483448951,0.464646464646465,"Tentative","3","15aPerformanceAvgRegret"
"564","Sens.Attract.Avail.",1.329549901343,1.56834545283997,-0.600115492192063,2.55845878479441,0,"Rejected","4","15aPerformanceAvgRegret"
"565","Mkt.Size",0.838441170932203,1.27290078670007,-1.66281890306276,2.24774033346504,0,"Rejected","5","15aPerformanceAvgRegret"
"566","Sens.Attract.Price",0.578738732729497,0.740516616442525,-0.962390101960966,2.25093226081379,0,"Rejected","6","15aPerformanceAvgRegret"
"567","Patent.Eval.Time",0.340649092290018,0.346478585443314,-1.05719285760773,2.20421596032825,0,"Rejected","7","15aPerformanceAvgRegret"
"568","Tgt.Mkt.Share.2",0.331582159296445,0.340684108888864,-0.971607524715129,1.38420083816222,0,"Rejected","8","15aPerformanceAvgRegret"
"569","Inov.Adop.Fract.",0.189703280505587,0.231247988889714,-1.15874911762504,1.43169821452278,0,"Rejected","9","15aPerformanceAvgRegret"
"570","Rej.Ratio",0.426753764411207,0.203253027985296,-0.664588238399664,1.83919330837112,0,"Rejected","10","15aPerformanceAvgRegret"
"571","Sens.Price.Demmand.Suppl.",-0.479889468287154,0.0677046221540798,-2.72451537927288,0.964017805758795,0,"Rejected","11","15aPerformanceAvgRegret"
"572","Learn.Curv.Str.",0.0991142105071567,0.0293263362400022,-2.10294570556493,2.50465044215773,0,"Rejected","12","15aPerformanceAvgRegret"
"573","Cap.Utiliz.",-0.16643952552629,-0.0764551532011703,-1.981644963449,1.22134471936493,0,"Rejected","13","15aPerformanceAvgRegret"
"574","Patent.Useful.Time",0.248961613872396,-0.112932713792055,-1.81189380104636,2.71157928699745,0,"Rejected","14","15aPerformanceAvgRegret"
"575","Dif.Str.",-0.424009369424173,-0.252924294752007,-2.60394104187118,0.713244632430217,0,"Rejected","15","15aPerformanceAvgRegret"
"576","Mkt.Strat.3",-0.350325705560162,-0.268384351935679,-1.73894946193356,1.03024900163257,0,"Rejected","16","15aPerformanceAvgRegret"
"577","Fixed.Var.Ratio.",-0.201541689459561,-0.307977874990283,-1.83359994339092,1.19298108216005,0,"Rejected","17","15aPerformanceAvgRegret"
"578","Mkt.Strat.2",-0.518191199496735,-0.362167309388299,-2.73726962522159,1.0607421249046,0,"Rejected","18","15aPerformanceAvgRegret"
"579","Cap.Acqui.Delay",-0.35980877411098,-0.408035958303594,-1.75755897810362,1.16973441420852,0,"Rejected","19","15aPerformanceAvgRegret"
"580","Open.RD.4",-0.22015985157841,-0.465921133031588,-1.74181565900997,2.1898727317264,0,"Rejected","20","15aPerformanceAvgRegret"
"581","Patent.Cost",-0.807307779079618,-0.467940986417029,-2.81733805115297,0.446721954925057,0,"Rejected","21","15aPerformanceAvgRegret"
"582","Mkt.Strat.4",-0.399706479036981,-0.475722386318484,-1.66263058937283,1.38651939314104,0,"Rejected","22","15aPerformanceAvgRegret"
"583","Demand.Elastic.",-0.730420070696648,-0.486566561764455,-3.27186019024662,0.724450286570157,0,"Rejected","23","15aPerformanceAvgRegret"
"584","Tgt.Mkt.Share.4",-0.5696447750076,-0.510191498719923,-2.15757298836658,0.785129039329898,0,"Rejected","24","15aPerformanceAvgRegret"
"585","Sens.Attract.Perf.",-0.528386876720275,-0.600734155711981,-1.8047516150931,0.728405068397164,0,"Rejected","25","15aPerformanceAvgRegret"
"586","Open.RD.2",-0.80130256565983,-0.639021166890176,-4.20036202013613,0.83697875055314,0,"Rejected","26","15aPerformanceAvgRegret"
"587","RD.Budgt.2",-0.744954300237505,-0.663106636951375,-2.60956582100375,0.708812731611102,0,"Rejected","27","15aPerformanceAvgRegret"
"588","Rep.Delay",-0.341807439447182,-0.719046468938658,-3.08974862379933,1.94468303597946,0,"Rejected","28","15aPerformanceAvgRegret"
"589","Sens.Price.Cost",-1.03248304781744,-0.723842133644636,-2.76685748175037,0.730295352588499,0,"Rejected","29","15aPerformanceAvgRegret"
"590","Init.Reord.Share",-0.716643809150016,-0.786211211319391,-2.02709394253923,0.514378793463323,0,"Rejected","30","15aPerformanceAvgRegret"
"591","RD.Real.Time",-0.878927761334058,-0.796917969789746,-2.60345291737785,1.15975044002075,0,"Rejected","31","15aPerformanceAvgRegret"
"592","Discard.Rate",-0.739847719777543,-0.841344997656926,-2.57508986812463,1.24754429400019,0,"Rejected","32","15aPerformanceAvgRegret"
"593","RD.Budgt.3",-0.701613713376547,-0.921153445107563,-2.24849806648891,1.69807152040659,0,"Rejected","33","15aPerformanceAvgRegret"
"594","Tgt.Mkt.Share.3",-0.845993801872565,-1.13075230726226,-1.71737034559471,1.01248576109644,0,"Rejected","34","15aPerformanceAvgRegret"
"595","Sens.Price.Share",-1.4869445457437,-1.45068358853706,-2.18706937973392,-0.212314906287286,0,"Rejected","35","15aPerformanceAvgRegret"
"596","Cap.Utiliz.",8.91799269744427,9.25176398339434,4.07395174486351,12.3989929213843,0.97979797979798,"Confirmed","1","15sPriceAvgRegret"
"597","Learn.Curv.Str.",5.43444802270625,5.34619816158746,2.3532003334532,8.74794164973393,0.858585858585859,"Confirmed","2","15sPriceAvgRegret"
"598","Patent.Perf.Slope",4.58687827220294,4.4439760353061,1.9080059107645,8.0738439686083,0.797979797979798,"Confirmed","3","15sPriceAvgRegret"
"599","Sens.Attract.Perf.",3.91772396036088,3.94551287211614,0.674071894813539,7.90096168539288,0.696969696969697,"Confirmed","4","15sPriceAvgRegret"
"600","Open.RD.2",3.38026236158086,3.28407235643171,-0.602606128207341,7.04984431410519,0.656565656565657,"Tentative","5","15sPriceAvgRegret"
"601","Discard.Rate",2.99954389569732,3.07489971974755,-0.900196909393083,5.86624805128884,0.494949494949495,"Tentative","6","15sPriceAvgRegret"
"602","Patent.Eval.Time",2.44454641238649,2.52010853996941,-1.4018338235972,6.44073386749579,0.464646464646465,"Tentative","7","15sPriceAvgRegret"
"603","RD.Budgt.2",1.66944914300917,1.59571703954239,0.302064336949089,3.88465104238707,0,"Rejected","8","15sPriceAvgRegret"
"604","Dif.Str.",1.36666214910637,1.37282461973129,-2.34429286486446,3.16425831315402,0.0707070707070707,"Rejected","9","15sPriceAvgRegret"
"605","Patent.Useful.Time",1.03258208652716,1.25740264225921,-1.6904562553588,2.55418893072955,0.0101010101010101,"Rejected","10","15sPriceAvgRegret"
"606","Mkt.Strat.2",1.00641280616535,1.05240001510562,-0.3314040698163,2.63184533839027,0,"Rejected","11","15sPriceAvgRegret"
"607","Sens.Price.Cost",0.643402256751745,1.00919958565353,-1.14457406188874,2.1032110025646,0,"Rejected","12","15sPriceAvgRegret"
"608","Mkt.Strat.3",0.325846375534968,0.619377349912837,-1.0295803251125,1.6291769184166,0,"Rejected","13","15sPriceAvgRegret"
"609","Tgt.Mkt.Share.4",0.248541530691732,0.488576376890569,-2.00145216143143,2.33487170714211,0,"Rejected","14","15sPriceAvgRegret"
"610","Mkt.Size",0.283304255781951,0.387378777081827,-1.51816710679175,1.79714925485445,0,"Rejected","15","15sPriceAvgRegret"
"611","Open.RD.4",0.719060969824656,0.358707637003377,-0.440901452363986,2.70368432284863,0,"Rejected","16","15sPriceAvgRegret"
"612","RD.Budgt.3",0.0303993046815438,0.331025915068064,-2.30237015948332,1.47199216371418,0,"Rejected","17","15sPriceAvgRegret"
"613","Init.Reord.Share",0.359489041950081,0.25333520140482,-1.90916894128634,2.07030645817379,0,"Rejected","18","15sPriceAvgRegret"
"614","Tgt.Mkt.Share.2",0.460869771262592,0.212173645109598,-0.844134683286618,2.10550623584619,0,"Rejected","19","15sPriceAvgRegret"
"615","Sens.Price.Share",0.2848118198346,0.143729544041268,-0.5598545181115,2.2279374212616,0,"Rejected","20","15sPriceAvgRegret"
"616","Mkt.Strat.4",0.169717451661185,0.0929305807462077,-1.5767878233604,1.93513873458062,0,"Rejected","21","15sPriceAvgRegret"
"617","Inov.Adop.Fract.",-0.32809588756437,-0.0754524434409075,-2.64881051785878,1.01012833462037,0,"Rejected","22","15sPriceAvgRegret"
"618","RD.Budgt.4",-0.0537683292839518,-0.215605713100508,-0.855210280101235,1.05466443832441,0,"Rejected","23","15sPriceAvgRegret"
"619","Tgt.Mkt.Share.3",-0.476913900143948,-0.240107390966138,-2.35569173126354,0.575672335608738,0,"Rejected","24","15sPriceAvgRegret"
"620","Open.RD.3",-0.420684299164081,-0.388814351737646,-1.39909667744505,0.646330029296207,0,"Rejected","25","15sPriceAvgRegret"
"621","Rej.Ratio",-0.531529158857972,-0.430625309439838,-2.01564628864646,1.16115844201083,0,"Rejected","26","15sPriceAvgRegret"
"622","Sens.Price.Demmand.Suppl.",-0.636439092826027,-0.465721737708388,-2.25216829876428,0.763361122791008,0,"Rejected","27","15sPriceAvgRegret"
"623","Rep.Delay",-0.435217735661569,-0.498842708015355,-2.3971356052082,1.10118899862012,0,"Rejected","28","15sPriceAvgRegret"
"624","Fixed.Var.Ratio.",-0.603179280409674,-0.681051603283921,-2.23900932948428,1.42580437223947,0,"Rejected","29","15sPriceAvgRegret"
"625","Sens.Attract.Avail.",-0.493303028894727,-0.876546900255244,-2.20060201872814,1.11602298512546,0,"Rejected","30","15sPriceAvgRegret"
"626","Sens.Attract.Price",-0.908469934790106,-0.884657011724287,-2.60878602257099,0.171685412740217,0,"Rejected","31","15sPriceAvgRegret"
"627","Demand.Elastic.",-0.896713743998167,-0.918431314930508,-2.32587646207755,1.11855721845414,0,"Rejected","32","15sPriceAvgRegret"
"628","Cap.Acqui.Delay",-0.924739205558457,-0.952507958369525,-2.35195772370107,1.23158778893544,0,"Rejected","33","15sPriceAvgRegret"
"629","RD.Real.Time",-1.23556566459659,-1.14507468065342,-2.5043093748434,0.497471141616144,0,"Rejected","34","15sPriceAvgRegret"
"630","Patent.Cost",-1.0982935954856,-1.30109654318164,-2.87275992812522,0.394513958693368,0,"Rejected","35","15sPriceAvgRegret"
