"","Discard.Rate","Demand.Elastic.","Mkt.Size","Inov.Adop.Fract.","Dif.Str.","Rep.Delay","Cap.Acqui.Delay","Sens.Attract.Avail.","Sens.Attract.Price","Learn.Curv.Str.","Fixed.Var.Ratio.","Cap.Utiliz.","Sens.Price.Cost","Sens.Price.Demmand.Suppl.","Sens.Price.Share","R&D.Real.Time","Patent.Cost","Patent.Eval.Time","Rej.Ratio","Patent.Useful.Time","Patent.Perf.Slope","Sens.Attract.Perf.","Init.Reord.Share","Open.R&D.2","Open.R&D.3","Open.R&D.4","R&D.Budgt.2","R&D.Budgt.3","R&D.Budgt.4","Tgt.Mkt.Share.2","Tgt.Mkt.Share.3","Tgt.Mkt.Share.4","Mkt.Strat.2","Mkt.Strat.3","Mkt.Strat.4"
"85",0.146253309716354,0.952032098083291,35808.1897099037,0.00719135768889915,1.19837036780629,0.145329054129252,0.598772234172211,-3.51719050962944,-8.68852316296659,0.733691818966181,2.54941395133074,0.966377683051396,0.991268062820891,0.0936009612091584,-0.458846819756436,1.26146835491061,1886104.05912856,2.22498567854811,0.560669943811605,11.1076221348834,0.020550047843644,-8.9026568747405,0.217114122684114,0.113627908237977,0.459040507933823,0.753351983225439,0.124866012629005,0.132805964548257,0.138567346448195,0.369346688706987,0.292370125043672,0.546387444357527,2,1,1
"139",0.128761742770439,0.0831000727775972,63597.9378754564,0.00606851447416702,0.6723412508209,0.169477927859916,0.835695489540813,-2.53819925660733,-5.74698719116859,0.948563511110609,2.2173646882413,0.759979674693663,0.981669678626349,0.000683062538155355,-0.303680600624066,3.76479870636598,1483808.99750395,2.56261319125362,0.425999669029377,5.75609235417796,0.0213769444193459,-5.77258753702044,0.104895891834632,0.445601177004864,0.391835458312416,0.641411896490026,0.120169768387103,0.108402485081227,0.124707416688092,0.492176971830043,0.155308308883687,0.512811263170466,1,2,2
"193",0.162494954839232,0.286196093346225,43053.1125580892,0.000148539602040546,0.752993785264203,0.0628467326109967,0.8086752936634,-4.94194335250184,-9.26257128969766,0.96423144833697,0.8482168825982,0.771701133900788,0.605534153793124,0.234706632444868,-0.373683090195409,2.17038353243028,2332605.84582342,2.40505426580377,0.483865894646966,7.97729848265881,0.0217666500915648,-9.17688863781281,0.38878485698544,0.36112392119132,0.432075180913089,0.376002560557099,0.103223520983709,0.104334280970157,0.0689909056574106,0.401835682389024,0.255323408490338,0.412318647117168,1,1,2
"301",0.182672073157039,0.201568525980692,44908.8310818479,0.00574767957520205,1.48507405538356,0.138117155743821,0.656527382000932,-4.90091023432091,-5.65680630169809,0.930211297748145,0.704004454907686,0.715369915807154,0.735009630131535,0.109280460785085,-0.0498765242792433,1.23486708026961,2800267.3765691,2.54634976813977,0.435821286590653,6.98399201128632,0.0301509367377371,-5.82490995476022,0.355103897804278,0.74176186079625,0.196822252186248,0.172151859044097,0.0571560072551947,0.126674826466828,0.0682218768564053,0.358660976037499,0.282454253500211,0.354734828971885,1,1,2
"571",0.145595952975214,0.602216627069283,76964.8575914325,0.00242493097966886,1.2495671577513,0.108852037063261,0.736566082635545,-2.87987569497433,-10.8584641257301,0.78000336163165,2.89003700212039,0.97880565635534,0.780971857031109,0.195036299810454,-0.34079471680976,3.66288094796822,2515998.13898792,1.73370605738251,0.412172080645105,7.65502748162253,0.0241288806061419,-7.89640321403742,0.299116127704969,0.683796343567083,0.128460693608504,0.0425884243636392,0.105602244965034,0.0839256318114931,0.14153090880916,0.445652552998648,0.275865759424923,0.454829465131741,1,2,2
"679",0.187630052300985,0.265441321256803,58694.8679360212,0.00932325522117433,0.43732652873511,0.102552872774177,0.673504526548204,-2.85071201042272,-11.3436972991377,0.904285896455636,2.66471211255778,0.7542714448357,0.862738316231407,0.219270531116345,-0.336626245515654,1.59494575787336,1272326.81369176,2.6885100018623,0.498935990723781,8.59763262679335,0.0193877054462242,-4.65421084545553,0.363744935110677,0.870295140965609,0.210146146763582,0.756922583800042,0.0882629721625708,0.121285428714124,0.0596764187561348,0.346498675421684,0.237086678835796,0.288407653507544,2,1,1
"841",0.159573960409034,0.330952373362379,50399.5388781768,0.00530743703370215,1.31728461965686,0.0779220221252763,0.642097936927457,-2.9066491497308,-10.100065086009,0.797601705786074,2.50057614587827,0.625166707102209,0.59481314221106,0.135385793165187,-0.353708195185754,2.30477218925254,2618478.69219957,2.48424502383044,0.570979959646706,6.3364375201636,0.0203478606140146,-6.00313958737068,0.251725528222392,0.618959179625381,0.941300846152008,0.764053024640307,0.128647877776297,0.135280380212585,0.0644456820808118,0.368095501291356,0.21368018273724,0.365301691115508,2,1,2
"1111",0.102584745262982,0.470101978827734,57672.8742248379,0.0101076842879364,0.579178640265134,0.0959683631663938,0.898060168414377,-5.86801031610463,-7.88651565698907,0.998175015207729,1.41459187584839,0.880529357364867,0.84737301581481,0.107376861009398,-0.499618349503144,2.95350547749084,1117849.61875295,1.91297332223388,0.365608463723911,7.40765915925149,0.015420051354943,-4.81597265910357,0.631765743738622,0.875405095905298,0.311933176307939,0.896822801242815,0.111467813931638,0.097430144530721,0.12262824872171,0.348195977870852,0.230105906409735,0.45062739012721,2,2,2
"1327",0.160311611083802,0.261495163012296,46961.8925570976,0.0105708820155705,1.17603899525933,0.113126521314116,0.891940844534547,-2.1531754548382,-4.4086444277782,0.853771281223278,1.04349814312516,0.785098284846172,0.702294213935384,0.191501992582635,-0.109251841431251,3.97117937467294,1314773.40663085,2.33652365738293,0.546346698121866,9.10576355115045,0.0135226354394409,-9.2728044902347,0.664396243029158,0.632853235334624,0.794215039355913,0.269425634454237,0.100436157991528,0.112866333423182,0.088171156992903,0.554335905541584,0.196674403604586,0.512344301797263,1,2,1
"1381",0.163608005247428,0.984208551550983,43946.9370052684,0.0105263916447037,1.22844370172813,0.0705260969347,0.725264088038821,-2.17568483743351,-8.72208711061627,0.810030655678478,2.37730184932999,0.85731961440295,0.635758782940684,0.194924342638697,-0.301178966733278,1.11192484551808,1894352.57716104,1.80382508181094,0.400686640848988,11.4082338386681,0.0200295488198396,-9.71778889548965,0.409732306790771,0.862736528436653,0.952567527340725,0.344127636736957,0.0785920422392664,0.122621072167298,0.0755633976234822,0.44443483984042,0.286845211184991,0.501958059353475,2,1,1
"1543",0.189419033990125,0.704804231311427,93020.1170959044,0.00282018527584383,0.587563650614,0.228180216078399,0.912817353003193,-5.75188331720419,-10.4135675179586,0.881092239089077,2.52703851428002,0.954434718067292,0.95068334304553,0.228502464628546,-0.246883632904501,2.46513904908323,2149837.28670515,2.4364693394053,0.360462743445765,13.2102782068774,0.0146189008751686,-5.26556950272061,0.314892860121327,0.556826962183695,0.0448839815112297,0.448062549548922,0.0750929242592538,0.100318456157926,0.0917153900623089,0.32188744074034,0.286067321768438,0.463094558579009,1,1,2
"1597",0.106442323483177,0.818954989219783,45873.223128583,0.00694817034200183,0.630991655342863,0.241598443880939,0.714597097604419,-5.3973823079979,-6.44867398897186,0.985344313219306,2.04555395699872,0.63278219843749,0.879825459479471,0.0281806648956263,-0.357145630274317,1.99534134906949,1828681.97190808,2.64551865769608,0.367168453644728,5.95838743576314,0.0371007625974601,-6.73004202346317,0.190094852779992,0.00177132379147224,0.596515604512533,0.182965146877104,0.0579755211964948,0.115467399564222,0.058152373742545,0.471802530837432,0.253012303132738,0.539444059976982,2,2,2
"1813",0.118892203040305,0.508774482514709,26971.7725334922,0.00079863951588748,0.414057902914239,0.192709230475593,0.87859494146076,-5.05916912699118,-5.97196386859752,0.763203038305044,1.96797654241503,0.999336339599453,0.516995698599494,0.0746983465133235,-0.270564594190218,1.01926751991501,2322758.43092939,2.63798143738182,0.541513297622558,7.87969363548327,0.0180015776614348,-5.98919511686079,0.709846893310198,0.761455709408037,0.270153604170773,0.246129138837568,0.0848761899905512,0.138388177431887,0.136493698493228,0.505195888708369,0.172105480132217,0.321684137527458,2,2,1
"1867",0.152721598904813,0.501929987590993,61817.0720093476,0.00419746441276628,1.30110862585111,0.163828699592923,0.630844682409079,-5.58023142585531,-4.97804078654386,0.739100760672358,0.542274511317567,0.970522108974867,0.71446281152952,0.192876069341146,-0.478589784568176,3.51910051895771,2575998.61312192,1.81624066145683,0.465421984095359,11.599334780057,0.0206445790658029,-4.29896112498827,0.515305159655982,0.788309450031957,0.0582234813738614,0.576681399097433,0.0677133824646007,0.118377611640724,0.14728167127457,0.543188670444931,0.163084889632417,0.466881991127972,1,1,1
"1975",0.184539315014263,0.27188424019143,56571.5761796455,0.00779324857095489,0.505297360200435,0.222643881526092,0.560767438689945,-4.03019756872673,-4.00515853851102,0.852562520812498,1.94192755220081,0.608759401231073,0.759947005350259,0.0486931197691592,-0.266535072983243,2.70036041596439,1179082.90500753,1.86809280626883,0.476898074016091,13.3250688316533,0.0165171939742169,-8.44760838234797,0.504285917516332,0.208148412453011,0.0544785534241237,0.231266188150039,0.118118740323698,0.0935423483591294,0.109006011646125,0.428958185925672,0.217703634366975,0.401948455825914,1,2,2
"2029",0.109601588222315,0.695089570250129,53512.1591481147,0.00025967803789652,1.49502630918287,0.182703881539346,0.624443579502986,-4.0822474916419,-10.3961522345897,0.725537772188196,0.745998684492891,0.946933802817017,0.823663021554239,0.161196515962656,-0.420448854449787,2.48995477149379,2480424.77372102,1.54781471345283,0.441762164761545,5.07568304084707,0.0129380576175847,-11.1714264178462,0.697109468639945,0.566202592517948,0.0698594968637917,0.646937076390022,0.146512635436142,0.0593868541137781,0.132306833083858,0.29084669856882,0.251316533029138,0.428127516911551,2,2,1
"2083",0.112162238402176,0.740855645270785,56496.3811962516,0.00472533545880229,1.23644760105701,0.160000490137463,0.951878397819237,-4.15732427379116,-11.5618931823689,0.879683038520859,0.463125708257819,0.936789939918555,0.893605787592824,0.136567572100903,-0.124092701961054,2.53225816327729,1572924.0066139,2.90391863367346,0.555352549641277,11.3036067675101,0.0135034250361668,-5.19393142042682,0.644538696881151,0.0763649938814342,0.508111391736893,0.355266026399331,0.129460541629232,0.0746925058532506,0.105993340793415,0.478269178200432,0.20460356930393,0.384953644275712,1,2,2
"2191",0.16871744860895,0.813328795501729,61504.4618698594,0.00454763514005346,0.573800377880922,0.167586333742365,0.68631091360643,-2.33332776757423,-11.8655200415105,0.980296622984693,0.754504052811175,0.772890940090641,0.853484689785982,0.182921470722067,-0.169459368880489,3.69157113274909,2466427.62864474,2.05315639038978,0.39116061252309,13.4875977364602,0.0149155924134305,-11.978303354485,0.754697540189722,0.467483741103206,0.617240047454834,0.197723038152326,0.0878803340846207,0.0679315767603694,0.134969166527502,0.500715715422237,0.211340085078729,0.505889273170661,1,1,2
"2245",0.165918830841663,0.933429693611106,37351.5561863314,0.00181906496913405,0.868433198109036,0.125831594517294,0.520929711594945,-5.71749025516212,-7.16937091210857,0.87259948280442,0.806792871489645,0.614989413935225,0.918246982349665,0.0454502999861143,-0.18622640413756,3.90486353654065,2951526.84539324,1.76224518318661,0.353178399320925,7.1363295774674,0.0169087454749342,-6.35704685288481,0.397853537589312,0.0695878523332067,0.9133481938357,0.0674993565841578,0.123870465434738,0.143789334640023,0.148606816358981,0.371787118399132,0.180792950549454,0.351633565425547,1,2,2
"2353",0.194522869378212,0.560837437609443,49483.7702604709,0.00944544994553202,0.538267961238278,0.0689290685170272,0.563953725040774,-4.36706078757998,-6.38639424549416,0.983029152998701,2.98847549921306,0.892597763583064,0.589781222396996,0.164287778991566,-0.0467172625643434,1.03358868433279,1980980.07116001,2.39148955226876,0.445012391552213,11.7841309543466,0.0148312200720798,-6.67513112329878,0.382332276311703,0.0709536910045426,0.656864417825127,0.93409837445477,0.0616036694027716,0.12217685623141,0.127423748395406,0.312105363914312,0.200443258637446,0.431911063085031,2,2,1
"2407",0.172976879666909,0.290968099972233,31166.0748861614,0.00869967420867877,0.914640032602707,0.147766172248303,0.943801739038318,-2.45956160415895,-8.18708140113391,0.727455244913814,2.27681506998211,0.915380710040219,0.928968990794383,0.142682113838382,-0.442965502694133,3.32372528057778,1056994.653414,2.65142185142089,0.550180026937625,10.0981008465285,0.0156262191756721,-9.94073681708425,0.753597829109756,0.784257745359791,0.762113558031851,0.58986798880971,0.0514231669810833,0.137821681300295,0.0722144940609578,0.308383024616411,0.183527751759742,0.458775835777912,1,2,1
"2515",0.197815255319001,0.689971379283816,66159.1804236232,0.00772824088967871,1.05577014545619,0.156995141500593,0.870286171872867,-3.60287473204546,-7.10180014780723,0.707090303681791,0.360201443963094,0.666861271821894,0.955832054544007,0.153699319457519,-0.0112874540610937,1.69051077793818,2301810.5148687,2.95348493819183,0.320820763280033,14.9037345576216,0.0133057781756296,-10.3840172577463,0.276167490353459,0.856700271376176,0.908024416666012,0.363070272717159,0.139846775937593,0.0689418018806027,0.0535449872030877,0.353100138815085,0.219930567459203,0.486145960581023,2,2,1
"2569",0.151891537918709,0.389334644334158,82447.3837519181,0.00320865401594085,1.06716704250046,0.177859995342515,0.509238512279117,-5.26097674033605,-9.05148285409436,0.865679954439867,1.98592458113329,0.649292992739472,0.831960983116296,0.055367145978671,-0.312188909301185,3.32685918684816,2247388.7470481,2.10833634373324,0.331396062023006,6.4392120288685,0.0230142408045229,-4.12629181229509,0.577075329588726,0.374825390571495,0.286336191581795,0.299847226626007,0.114401500776294,0.0528322299428983,0.136702077839989,0.395877108948969,0.194488276039017,0.433231323963776,1,1,1
"2677",0.183613584875944,0.550162191082491,70186.2331347074,0.00867536476458423,1.09772072238137,0.0994759309582878,0.64826997674536,-2.29611155253369,-5.6931487645302,0.984498878652696,0.821048314665332,0.930841641324107,0.896549676033319,0.0956069798753015,-0.260525506768608,3.84366362982662,2791510.6255468,1.62240776595776,0.407707456549164,7.09261830392061,0.0268283524585504,-5.30970513477921,0.450364070030046,0.931056522259023,0.170958731615683,0.305306435821112,0.0965627219824819,0.106647677509231,0.0956819381732494,0.572598412742512,0.270099923851085,0.438959868802875,2,1,1
"2731",0.123039522915031,0.558811374440556,52322.1990812453,0.00255286608599359,1.34715436694946,0.0699809675841971,0.98086337031913,-2.42889735301957,-10.0195393085573,0.830869902028702,2.61734148278121,0.687280292416457,0.818831672106171,0.184218038787367,-0.277773663088446,2.60923910664278,1793017.24421792,2.82599261663505,0.509996209823526,14.9886597986915,0.021215209592792,-11.8610666748695,0.722019411314162,0.570511512311641,0.49928321206593,0.547967840052443,0.0551076966169057,0.1332905744405,0.0943048057942651,0.362942706354673,0.239893560519267,0.518031370844645,1,2,1
"3001",0.158868610520381,0.917871121692006,92084.0136962943,0.00295185176200699,0.898312498909072,0.24721799822808,0.705759838072117,-5.95210358634125,-11.6376955653075,0.772629228445701,2.73348568340275,0.604051309754606,0.642317053338629,0.0655650668841554,-0.409780677579111,2.31684552382678,2218844.07881182,1.72094675459841,0.529246485547163,10.7318213271326,0.0248542966611511,-9.29523726125248,0.679413165136357,0.0497577497712337,0.583663127988111,0.145665046005743,0.138482069669175,0.0650035480968654,0.125018861878081,0.385374754099257,0.263966412159847,0.295080366993975,1,2,2
"3055",0.110247081941459,0.308634785228642,72080.3576310864,0.00391817932212143,0.749512783220154,0.231429175725643,0.718446544527542,-2.5621904726699,-6.08769518206827,0.702764976737671,1.61315816272417,0.651134721538518,0.739753256542026,0.0170412776590092,-0.154651897477452,1.8085717705125,2438529.04020576,2.91393687486299,0.548697818264365,11.0057036524988,0.0138043024281946,-9.60544655389153,0.229933721181354,0.251175455807243,0.959389564784942,0.0377074601408094,0.0993973238547333,0.110221187794348,0.115178285882226,0.315486163569137,0.159068839389598,0.312595588945784,1,1,1
"3217",0.148592197146034,0.901151890323963,26865.1382614335,0.00558922288117348,0.69885533008771,0.204327174980572,0.963700878479285,-2.81193226117641,-11.1270043704845,0.823187631771551,1.84301160694893,0.869276250738185,0.926513490127982,0.242602747031196,-0.0559336529613938,3.6072352760483,2970510.33983706,2.20832162573235,0.563758944217349,6.11965907027479,0.0232980378018324,-5.14793493898585,0.148482277517323,0.264450550553156,0.83559167621308,0.316915797815891,0.0738620465673739,0.126418681332376,0.134177780820057,0.392696827054699,0.157668379512266,0.314510740683088,2,2,2
"3271",0.134756967229536,0.794859345611185,28208.2304471114,0.00338213512861752,0.710157171962201,0.167388358350654,0.897258862204617,-3.20471103544347,-11.5508793714643,0.71592012232996,0.43228875861008,0.918802240102086,0.829766132723889,0.00395957704662578,-0.148293935860856,2.74984303109464,1738340.8740256,2.53381751131034,0.53737737964117,10.6247791878297,0.0207890914948668,-11.7016439450067,0.161780173739884,0.330995334424078,0.347324204464676,0.625425003996352,0.137667539931485,0.0515986966186902,0.100948955168482,0.324382994967129,0.201358682380698,0.434848557861429,2,1,1
"3325",0.108657942431979,0.416215797878103,95374.8461147479,0.0108317798281298,0.586615141227143,0.111653806690083,0.613278508639778,-4.83758556493558,-10.7855544992257,0.871528870551381,2.01633333430577,0.61661324089719,0.807718891792465,0.036118642653455,-0.276489473990514,2.67202678922447,2853344.85571133,2.75406320755428,0.328227616286022,6.53308528474299,0.0199206569551537,-8.79783928826451,0.317357401162386,0.941484739127336,0.122299761315808,0.561985811655177,0.0897039029508596,0.117779235496768,0.111404187580571,0.525984778902866,0.179332644569397,0.331705877224635,1,2,2
"3433",0.112992235593847,0.64093197099166,91651.0826689773,0.00805453084152541,0.907957580551854,0.127735486350794,0.72767116969917,-5.35374357119203,-9.525646598069,0.769594101455877,0.765324232136743,0.821644139835611,0.777368790426408,0.0711554217984667,-0.162686171357636,1.34326910875156,1660761.44470833,2.31736043537152,0.357112626057118,9.83083341646707,0.0181515681900998,-11.0136228375696,0.574847830138402,0.0968954448297154,0.461362000337103,0.909276676700683,0.06055431536783,0.0788780589138623,0.11364078186499,0.576059971918562,0.261241042293201,0.533753768173186,2,1,2
"3487",0.106574270006851,0.42080441025435,78574.6760348266,0.00214453069287469,0.841727419578354,0.202851225315608,0.789226198474644,-5.42455277339555,-5.82579131502658,0.956020834187861,1.27322433929666,0.879679469857365,0.770520467259921,0.137580283798161,-0.250909745107056,1.46917207662947,1468462.84019062,1.67440817593422,0.534101383439032,13.5510893560946,0.0153380622920055,-8.50058464159258,0.137947185686207,0.287544619766995,0.0243789175443817,0.210007013888098,0.130251333804452,0.0949828060280997,0.131603853984736,0.536053760720603,0.207894931365678,0.285608061654167,2,1,2
"3541",0.177855658261688,0.302352152422536,47900.5272690265,0.00790378129831399,0.809901854287949,0.210519022456429,0.862487523577875,-2.77828199006617,-10.9217028769664,0.886749230226618,2.77395302225232,0.988837342940271,0.813946412543883,0.043156580516079,-0.460062350172666,2.37455178683042,2562888.05928081,2.77843075911049,0.346436436283286,12.7986853628187,0.0246128462529621,-11.7686115540937,0.177117982530384,0.444048624383286,0.978379742919933,0.551048853900284,0.0745943027334288,0.134730426296242,0.0837833621688187,0.306305312500533,0.246634712376574,0.465225170118501,1,1,1
"3595",0.137802044561482,0.960513100486714,51263.6576859804,0.00633482323001488,0.815719132996164,0.134299210055615,0.94806512136769,-5.6397389360657,-9.42068801750429,0.79989790541213,0.555841178605808,0.913789048346691,0.726096570556983,0.140671172611474,-0.0597849438391859,2.16966330307419,1834367.20057856,2.27548003628966,0.595637618799694,13.3674439947703,0.01582224817271,-10.9559569888655,0.650244768378674,0.50073368450976,0.334008488525869,0.0985419561120216,0.0800225756827276,0.0500589398749871,0.050748226915719,0.421737409721653,0.264059942888736,0.304416527119093,1,2,1
"3649",0.120682730545755,0.145585816887906,55867.9464340967,0.00107184623318724,0.552828173082438,0.10568367884749,0.832953336135251,-5.16675446285866,-8.56477292176336,0.789894238558481,0.640770808599066,0.692151145173237,0.614964326763293,0.220418084518169,-0.291361028654501,2.97476198792574,2003811.37013203,2.34086580315605,0.506862512583495,12.2781480850885,0.0224667297767826,-8.38735359400511,0.370331049495493,0.298979341376107,0.201321411341196,0.599432303800713,0.148934944257257,0.0886135426899418,0.0699130099174799,0.383825869883632,0.277240659356117,0.556138077051565,1,1,2
"3757",0.141217676490429,0.29909268371528,44177.4268560694,0.00675900712159811,0.544528494169936,0.120843418412187,0.953162836135598,-4.68595497515053,-9.61228323697113,0.783787526419852,2.89895186794399,0.634787909511011,0.995109942911076,0.172432195676374,-0.20886757993896,3.86833347417065,2961381.51330641,2.39403104949044,0.348068565930356,12.947549998865,0.0280681810085869,-11.9204892779607,0.394724055238883,0.415842190046096,0.746214553733589,0.524820182655239,0.107437686838908,0.0901664424580522,0.0976052877539769,0.467109854059236,0.202981413336704,0.301336850623647,1,2,1
"3811",0.117011023478583,0.402570985157508,34381.8733500666,0.00593151425439282,0.446891369206598,0.118880448673372,0.702952404917451,-4.92612179294694,-11.6986107774079,0.934422271756688,1.56465280210444,0.805834896924906,0.889444005496916,0.0567154545945232,-0.438241951946402,1.21705294660875,2058785.39052559,2.18909089771681,0.457311511200503,5.82011251685908,0.0175409778375142,-9.86875864589587,0.440374224668718,0.702551461544354,0.709135747574037,0.870801852017175,0.120728131321259,0.141483181812684,0.0525596105358563,0.485986980201723,0.216999209297122,0.44806767007201,2,1,1
"3973",0.19213696714642,0.205515340857673,46307.2237181768,0.00267989954496967,0.987728838421172,0.22340229634181,0.532092136027641,-2.35069514334667,-11.7999725877307,0.849154431638657,1.40857707877724,0.656724903486203,0.675749145514565,0.172846900437726,-0.3315251107933,3.45608633370139,2067896.67259902,2.58550644343835,0.577562407616526,12.6336945369607,0.015605104835686,-5.8954440269433,0.559511342159356,0.969608846536139,0.934539041394601,0.435287503245054,0.0892205695527373,0.123686262537376,0.0574382268293994,0.335053679074661,0.296464916288329,0.390664322193433,2,1,2
"4027",0.114969179520267,0.543236742324661,89391.4423485112,0.00616904726553825,0.9992670285973,0.107067467371307,0.581631522922544,-3.92476600738242,-10.9878462148551,0.782400029439712,2.51526443428843,0.611298734661192,0.912810334775713,0.0203056635110988,-0.179872854547575,3.11924769146135,2637698.24799849,2.12402774563408,0.552846448008902,5.15647365557961,0.0146496833677077,-4.01042194290087,0.102775720743928,0.15558361176867,0.829260227488121,0.721942212075228,0.067444870240055,0.063818707215949,0.0511864537700312,0.387457287564303,0.160870254907873,0.404062322440604,2,1,2
"4135",0.120031414035009,0.365482015111484,32068.1049468403,0.00566822777966387,0.735646838692832,0.133519257857624,0.910490065781632,-4.45442506713793,-10.753345836699,0.942437316036434,2.16870640103416,0.73348553864425,0.947146073193871,0.125937345827406,-0.482086384147988,2.66073899026029,2723033.83900551,1.72904247160011,0.479964532966143,6.23223653800087,0.0188369515915182,-7.42223151733167,0.40542417275859,0.192660771524534,0.984172395592323,0.852400271774968,0.0628941858201288,0.0875400806803955,0.125764108544565,0.331349697807815,0.175319218455988,0.280388744435459,2,1,1
"4243",0.114190192967537,0.745301849498646,35065.4775596631,0.00561650757781463,1.12158804029378,0.157591695595329,0.755402122139931,-2.62372632103041,-5.94975960372016,0.962032768430305,1.13661499508665,0.704457234368659,0.547410425299313,0.0469345086679095,-0.0855059021053603,3.16683331865934,2236473.64339093,2.36063341153669,0.461911754226778,11.6710323677049,0.0220456561705344,-4.16165644844994,0.448806959139882,0.117011384650832,0.00853196118376218,0.0839386393234599,0.0544986270879163,0.0755422788881697,0.144686180402525,0.438312886688556,0.191183004762512,0.428723193022562,2,1,1
"4459",0.142677104166942,0.0990160000754986,32815.2475369279,0.0104886795157683,1.44145254902774,0.238193076193056,0.753399728878285,-4.62892269189935,-9.57068495209329,0.705359681962873,0.653165858330765,0.710106361495797,0.601149396558758,0.122074862193549,-0.034034163079923,1.08419024755363,1855445.38530288,1.97547036102042,0.408934690886876,5.70639095996739,0.0208955140152605,-10.0432355554402,0.122387863466167,0.986800922557013,0.0326894778083079,0.571288688607747,0.0822294432357885,0.127711252888432,0.0991044559897855,0.40323583610591,0.283996204186929,0.340947298786463,2,1,1
"4675",0.134041927671991,0.97365900835488,59763.5744796426,0.00365747924749041,0.705388161424664,0.137204397516543,0.543742280816659,-5.91600615200587,-8.37860004487447,0.968470504761324,1.79183190641981,0.743912069004029,0.530327962759184,0.11730371836602,-0.440045510671334,3.96716338086757,2203318.68020119,2.9578905631596,0.48213209895941,14.5538495525136,0.0223947442741579,-4.06033069382422,0.144397034864174,0.970386887819041,0.999203409189358,0.731114398852224,0.0972942031471757,0.107662900105002,0.0867014501659432,0.516599586320319,0.186500898368075,0.319319947422203,2,2,2
"4729",0.156754025854287,0.112281431442825,92626.53121521,0.0050777992510004,0.976045183113078,0.175834949917917,0.737680898112594,-3.03927514411043,-9.80760549747385,0.79109521859826,2.21208458847147,0.824172325342428,0.747586861862219,0.015806095484877,-0.423412940013804,1.89014175738208,2874147.32714882,1.5073052257346,0.443482817810378,6.77276860259008,0.019498338510489,-10.1548872926459,0.429248406118597,0.0871417217014823,0.59098077001865,0.742473431611434,0.118589222240611,0.0994409553629812,0.101410098515335,0.481187316624867,0.241756521219271,0.495682798606437,2,1,1
"4837",0.161295551223797,0.381491824663244,27527.6508935494,0.00377034805121482,1.07623352340248,0.131230079037123,0.98956477139669,-5.4546377621172,-4.20885417734273,0.700312871235423,0.404985578307139,0.67012998375902,0.92436496779148,0.14143542542326,-0.322922475879313,3.56070045150584,2746701.17385685,1.60818710202584,0.414107596502057,7.57556219541002,0.0132631425812266,-6.70688988155685,0.623379620791296,0.0383744366944302,0.400948132807389,0.144704340124736,0.0591546388348797,0.101206073861918,0.104661586556933,0.382785979406384,0.16239674792398,0.39271178197111,1,1,2
"4891",0.13197123533953,0.717229206534103,82825.305250386,7.10216729494277e-05,0.458830766095896,0.230843682917475,0.608803060724749,-4.26962127721403,-7.07420483449474,0.804427413259633,2.06595665851006,0.973514845394529,0.578986929927487,0.0644199664701591,-0.117153817539802,1.77457548851613,1777389.67517857,2.23412457673112,0.311735467988416,13.1491925815819,0.0183228388691582,-9.14752286007628,0.723721607132815,0.349025188466767,0.801447029676056,0.937147489576601,0.0928342587706866,0.106030462902156,0.147609252274735,0.465907615013374,0.273260267475445,0.293851511270413,1,1,2
"4945",0.142333313414827,0.575360999448458,33051.0607638571,0.00817408611608203,1.31932646725955,0.153617157798144,0.940207310327678,-2.48203646660317,-4.87201630906202,0.758786999978242,2.00587783275285,0.94032460037712,0.883431186232483,0.149617522783228,-0.0522274527075933,2.63040369363967,2371233.10346622,2.90227944575774,0.536288575047394,11.2557691562804,0.0185098933687456,-11.5437148174737,0.34041088878701,0.765814144904725,0.444187547503971,0.113043171660975,0.113407213609084,0.0997838772380492,0.0852464812155813,0.464286189280439,0.267406485985382,0.386678159656422,2,1,2
"4999",0.122484647589969,0.71363471601624,74139.4959065074,0.00598010384837282,0.568626895798952,0.117812552266187,0.620903939644923,-3.07657652372494,-6.63195238308981,0.972257270315429,0.900499126487909,0.676049791543744,0.57473163083836,0.174100821089232,-0.469655632335925,2.51302860466647,1412286.75924009,2.13771188504412,0.499899011245114,7.37680264173541,0.0186964438965644,-6.82890763039701,0.539010124088498,0.840945136294467,0.734110688399524,0.285984963808442,0.0868971329570049,0.0615053228839533,0.103863106329809,0.298875597822864,0.284883078665065,0.551663652602397,1,1,2
"5161",0.17025380758394,0.732287290772656,41810.963145108,0.00195899395766202,1.28066335101158,0.107624035707413,0.546715565625927,-2.23175730693154,-8.10614901433699,0.755967838994693,1.51340094705784,0.974951422134414,0.765425368276774,0.0801259930338711,-0.448746159927105,3.40620991978329,1686781.02165693,2.76683089231665,0.580275392156211,10.8215113656363,0.0209619120338471,-8.0939931285847,0.385432309377589,0.0129157858015969,0.485152299556648,0.782751478756545,0.132981379310368,0.130269466528669,0.0593426184690325,0.431535782012134,0.1878508667844,0.36751807742985,1,1,2
"5215",0.111970165498904,0.612751053827815,29184.5471249544,0.00259966457056464,0.426012899608817,0.152073145555623,0.930341763366014,-3.55561686880887,-10.2721907909121,0.973872033001739,1.43485760154395,0.799437920439988,0.769078170842258,0.16799895103497,-0.318566320805694,1.09808611273766,2648244.67081111,2.50488320406759,0.338082327511744,11.7183116916218,0.0283617071607761,-9.2040782164596,0.552697897250182,0.336307089503389,0.187954793922836,0.787969316025265,0.126453052066965,0.116618303109193,0.112705823265132,0.305908174712746,0.243570878297905,0.284296686527692,2,1,1
"5269",0.10391180988471,0.993298972110497,25339.2080220219,0.00441662471429096,1.36372267941223,0.199000118969634,0.867346915194648,-4.06714633022435,-5.5819588685967,0.975997721392894,0.346071297277277,0.897011922320351,0.812482733469806,0.227187467848707,-0.349067288932856,1.78897562482627,1306548.84766089,2.29966796350724,0.410280903742765,7.34036941369996,0.0238970973065977,-11.3418781372719,0.748317982029868,0.27204467918491,0.0492819601856172,0.823193517010659,0.117199740255601,0.0595503602938261,0.102800399419386,0.511234602557472,0.224159016133519,0.544866429703776,1,1,1
"5323",0.185362573150196,0.959189968827413,28447.9472992243,0.000392375366867054,1.42297868472536,0.219674206124837,0.775877877951134,-3.39047373172361,-8.13438819344156,0.842527845520177,2.63903912183164,0.993121844008099,0.970510160580161,0.0367119929633918,-0.485151126431301,2.22997954016901,2045267.39895577,2.17744529711665,0.573928592091193,11.637575788144,0.0172128163005548,-11.8883683140576,0.403339137486881,0.455408256567316,0.613896814647596,0.238253932497464,0.0951776661202312,0.0823037924901582,0.140641615283559,0.432226592251763,0.245133119384176,0.35392956216936,2,2,2
"5377",0.183166476234677,0.443229606415844,60897.3567825742,0.00966599898963934,0.607223755002953,0.144980292964756,0.657620295682573,-3.91112758415751,-8.77129299350083,0.882197178355767,2.09505078491726,0.865166110049002,0.729508440383943,0.0964274553203723,-0.205212713580695,3.77862431063084,2591781.57992195,2.6797492858849,0.41773410050408,5.37716445449041,0.0176786361200752,-4.74392094331794,0.764827037355164,0.329019888190087,0.96524247058318,0.0556858381349593,0.0988672077263473,0.0806595204039477,0.119646640427294,0.516033999622974,0.222018978858192,0.32499238553904,2,1,1
"5485",0.127855513476068,0.184412333201617,32250.7240419509,0.00228263983665034,0.76562452092662,0.122685416759778,0.780890101362602,-4.79784063198138,-11.9658513671905,0.807339136573952,0.88646959185161,0.958926390814595,0.815846763921436,0.0813926527253352,-0.00506967694964261,2.85019876123522,2136612.69168602,1.68365601739381,0.423236132754595,10.1845279924572,0.0305790542626377,-4.22078952849843,0.787112265697564,0.653325106794946,0.601375456465175,0.300810559085803,0.0797181722999085,0.105060485801427,0.074707368526957,0.311643940497073,0.181816966784187,0.307033734926069,1,1,1
"5701",0.150366177084507,0.877251122151501,58077.2445688781,0.00216703376783174,1.23250653707003,0.0817227708567952,0.57133477604948,-3.2871703725867,-5.49207380899228,0.956662866519066,1.19512773565541,0.697221225488465,0.7460340953985,0.018622123572859,-0.269682303483714,3.91045467164367,2582925.25376193,2.26161675146548,0.587034365303116,8.60943593627308,0.0211287608837921,-7.18009724481963,0.427225190966041,0.715066559796687,0.75516080708825,0.424970082248328,0.135783468835987,0.105868147575995,0.0856212285748916,0.474430677955248,0.177280822132307,0.406613937964151,1,1,2
"5863",0.174706919584307,0.920270208696602,89828.4368033928,2.02249356871471e-05,1.03287411334808,0.110502167826198,0.85141225529369,-2.25693150945008,-9.19798337349668,0.737839370638714,2.56286824599723,0.948957472933456,0.935578321382054,0.0826573599260882,-0.130867596175522,2.90534811156918,2914091.17246047,2.47148904936737,0.451497784020379,13.7022036885028,0.0144231924329298,-10.8625447606482,0.761365783273592,0.376054290989414,0.111121761156246,0.901256462665042,0.143475791200181,0.0550981680012774,0.0870841397607,0.351313423198718,0.277612512645777,0.413183363580564,2,2,2
"6025",0.187167049879674,0.519468599989777,86864.1764473869,0.000491106355864322,1.34162885214505,0.242804985348921,0.542470101719373,-3.42297653200571,-5.20185669189319,0.933156981874257,2.75259369052716,0.888416849619243,0.798436802995857,0.00574532756203553,-0.145354136014939,2.58671838313807,2816425.11129379,2.6951294461987,0.569639789799694,11.8583287048619,0.0218463104847598,-9.45916784483939,0.646920194366714,0.302681662882678,0.326594852457056,0.490731139737181,0.135400785091799,0.134237574757659,0.121171729287016,0.509438301843486,0.24082944613049,0.299913866163604,1,1,1
"6187",0.107602663352038,0.675397736782907,79584.5622506749,0.00989902480880613,0.935062879925943,0.235111497858888,0.817805387775879,-5.14057192324195,-11.2694276765268,0.801272200078587,1.57549455422765,0.863420538538135,0.583512705794419,0.166749366277654,-0.161047883759602,3.23740743576665,1816068.17708118,1.58508822520205,0.493580747894361,10.7639039537404,0.0267200066607987,-6.06262120315805,0.497910177221405,0.0591177947819233,0.320064663217636,0.273727252701065,0.0856085302102147,0.102287170748226,0.0793884826333961,0.513103616351238,0.150955946837494,0.451945801268192,1,1,1
"6241",0.147249117894098,0.342664890795713,26495.8663059806,0.00233237162437872,1.17101238330302,0.0870335875068122,0.785544573339866,-5.81293927031569,-9.50090312252753,0.792236053915694,1.02847729225705,0.77978407686064,0.944933402429451,0.229897747602954,-0.189459276693524,2.09081030997797,1039041.57942859,2.61552342115436,0.42800297916471,9.07298312330386,0.0303479219557593,-10.9018038526084,0.282813820120064,0.0827414911973756,0.162695085310843,0.354406040238682,0.0584440526211401,0.0797525477190502,0.0519043141885195,0.41428133655017,0.235958958204836,0.281877910410333,1,1,1
"6457",0.186129717800883,0.945552790430374,63219.0221097844,0.0106386258818582,0.732073456304963,0.209652227788902,0.708508243183605,-2.46276186681353,-4.91911125585437,0.860813881802722,0.61611702815346,0.90703992875712,0.687906314260326,0.0239644055534154,-0.00889781164820308,1.20911890956573,1322406.1364145,1.70599516261602,0.541433458349202,8.87139079265762,0.0138881150810613,-8.3366368549969,0.793443922310136,0.603026043681893,0.627798667375464,0.0540002944914158,0.136965858257376,0.0883653205982409,0.103480905670091,0.497447785765922,0.220784722991986,0.531098946962692,1,1,2
"6943",0.167077863211744,0.00889011389925145,54707.5028373511,0.000189898716686293,1.13432827079121,0.096528418733069,0.991804871463682,-2.19796773830429,-5.84971438679844,0.795076889120974,0.385707427436162,0.81016080196714,0.673092500293278,0.188460507833806,-0.309456863999367,2.88699901157175,2784471.93016298,2.67731371530681,0.455594189626048,5.112154099287,0.0196841865832724,-7.35376742482185,0.331239710200112,0.795382108011982,0.406588627959136,0.176832175658783,0.0920218450408429,0.0852545452306513,0.0864818090479821,0.574124483563739,0.216578416118631,0.445596885747137,1,2,2
"7105",0.121498764123768,0.0578768543398473,50766.8850879709,0.00330033512882073,0.727154821752221,0.138476762162463,0.934600669959327,-4.70546348752454,-9.47520388897508,0.742422836173791,1.55700044537096,0.884970280256588,0.666745045863208,0.0420869360174402,-0.229752538488829,3.07030128414277,2015438.77484975,1.56218403444684,0.480208549347357,9.85088266067905,0.0233505741376545,-11.6059013129678,0.694844064611592,0.912066698065028,0.680942028831923,0.187266320793424,0.064393773612217,0.061329315814306,0.121530613776064,0.318494396198716,0.276028175907559,0.360776639797026,2,1,2
"7159",0.171574219505768,0.448062312835827,25811.5457074309,0.0102789866520558,0.504108604123234,0.211132374576846,0.589159152407083,-3.09082076111343,-11.9496922290232,0.949708269051858,1.09142200769371,0.956676924460568,0.603570506448159,0.00978795965231257,-0.351267846606206,2.12690722139087,2128353.13085467,2.52055894937832,0.30276924180449,8.34641162247863,0.0278750927775393,-11.1534114491381,0.157900796540896,0.12737349734176,0.261570523492992,0.94249118422973,0.0907780374774011,0.119569739020313,0.119174612176255,0.37008340681541,0.281838058689202,0.333483130134968,2,2,1
"7213",0.1374160043546,0.571935896147043,48951.9842393929,0.00836152196724783,0.668914886406739,0.186727999067807,0.56532810232311,-2.20983785291668,-4.16425458697602,0.890920139081311,1.28888924075504,0.647796029389836,0.761216141728219,0.0853371895427699,-0.0638163649576018,1.44112080278457,2937349.69197074,2.02420625664527,0.317344325720798,6.56372740141815,0.0254891018450531,-5.5286773893144,0.15140747735952,0.678846199580003,0.874084351388738,0.450739708105102,0.0864289064868353,0.11431770351436,0.0844585005800473,0.323016713370418,0.165051649871457,0.323739901432674,2,2,1
"7267",0.155549080132507,0.674674429422012,80657.8549953992,0.00666347155990428,0.932260953669436,0.240885994918426,0.840791278666002,-3.530473237806,-4.57397575784475,0.827844634091132,0.867112141686516,0.982438107048627,0.8999309316586,0.133420549874427,-0.434495010891114,3.75537129461532,1251295.35769811,2.76908188995905,0.495820142735378,7.84732017691713,0.0172962279168121,-8.93923123703338,0.520261426038458,0.612134538009996,0.841690617492422,0.719062969652005,0.11036673416337,0.0847535214086529,0.0612771620426793,0.40062976228504,0.214133288986108,0.344681253133342,1,1,2
"7375",0.157933137134416,0.109481489618775,88667.7828163374,0.00641513326602057,1.10902088058228,0.228647057327398,0.858987997394288,-3.12687420837581,-4.60199773214757,0.902503579043318,2.68566759533724,0.735508149859495,0.560679623524193,0.0214854613455827,-0.31676005456713,3.18528525307309,2285914.21090066,1.57825413315324,0.440601508050109,10.9233109967667,0.0189158767763733,-6.2586544200033,0.683011007023742,0.266479291452561,0.744351450686809,0.460702003760962,0.106469713939819,0.132364449469256,0.100236924124532,0.377150290267344,0.269911632326315,0.358596501815179,1,2,2
"7429",0.138496590853087,0.529564311329741,65104.2198324867,0.00446122287127771,1.28824168724311,0.0851034018179053,0.523164642351912,-3.57653813378885,-5.13534032276832,0.703680073513882,0.49511258706046,0.827017828526441,0.692368892740342,0.231259984054195,-0.473196488200338,2.80291512450203,2901705.65473847,1.60054106749012,0.567222697836463,13.6121972470428,0.0137430320851739,-10.5684608441126,0.422858685454936,0.29345955284196,0.896958159485366,0.623355460967869,0.0715432925969362,0.109794630577555,0.0504506162840407,0.557208259845118,0.287515037610079,0.343815742618451,2,1,2
"7483",0.160722922919435,0.99548669629381,46528.1460119877,0.00705903730425518,0.822988934891997,0.184453696324199,0.95676191530365,-2.92933057235554,-9.7780496429652,0.953398464195081,1.86048067024299,0.641034884761553,0.649292218832416,0.198167687601235,-0.182891492227209,1.50504615532118,2606654.28443579,2.84045002805768,0.393228704915266,8.2711000570911,0.0311738492452874,-8.07449513805099,0.705515809554374,0.167825892375549,0.167101595094427,0.56509584230138,0.0653582276749657,0.0737861228340771,0.118200571800815,0.3982363227739,0.209649576450465,0.419312374998024,1,2,2
"7807",0.166396339811035,0.187837913165567,38710.1373072073,0.00834274563052924,0.652714003473404,0.149748024833971,0.555678256322281,-5.98944888362661,-5.78537649124861,0.960191267670598,2.36549615137177,0.894344602421857,0.838124626626959,0.156207281697716,-0.403825788156246,3.46476540572825,1693911.05612507,1.8076797195815,0.386009188488009,8.4035177720245,0.0151111835753309,-8.20407465237193,0.747371028113645,0.215443397769704,0.624173844035249,0.80470950658666,0.082828118274454,0.0816276584188454,0.14284806708945,0.49430066353709,0.170689267721842,0.32321477028802,2,1,2
"8023",0.129995462709456,0.59740822527674,99688.0463938578,0.0107378621315304,0.685344594521797,0.0933347294526902,0.698480631435523,-4.31521441932302,-4.82546520211734,0.754154652371304,0.469990834012436,0.681668010074645,0.692827763392706,0.0998219781374792,-0.0803266264614649,2.72475522598485,1334881.96141319,2.06557584338821,0.502292945368099,10.6946336756111,0.0151982173557801,-6.16382170741446,0.445477100037155,0.436831821207888,0.71711492828792,0.405479098417563,0.139257599070785,0.12887816335354,0.0902703835681314,0.424190787080943,0.192616281899856,0.318369919517404,1,2,1
"8077",0.119718532886007,0.985463986025425,44541.1343942105,0.00466887282928452,1.43380189929565,0.225041032083755,0.654936790140346,-4.65231699475087,-4.46029833495617,0.806478486916167,2.43011860373765,0.935616053604986,0.625198279846227,0.0510159295960329,-0.210803134850576,1.42382954063942,1378073.89233029,2.323978703795,0.445736125749419,7.04190616928972,0.0163119651146285,-8.56131769200787,0.264401967794285,0.238299346205313,0.19454509332194,0.455398282255046,0.0805259976717643,0.149244062288897,0.148141352534993,0.310075901920872,0.254733503961295,0.409405390363187,2,2,2
"8131",0.179536275662133,0.102244447951671,65813.1657398771,0.0043825252665428,1.25932261243404,0.0751825064954755,0.999341993590933,-5.3663291842863,-9.97894090807997,0.750009049502783,2.93699655411535,0.905430224221665,0.52202041706827,0.225723987978417,-0.364478149702772,2.38815961614018,1040909.77192391,2.45202270334179,0.321345488455729,6.05053234752268,0.0140739806660494,-7.05231534820981,0.141544092599535,0.543647275021067,0.670646729245782,0.380624533380615,0.138529678428546,0.144421855134075,0.0878844449059106,0.355314510123234,0.258065201367019,0.482922994183935,2,2,2
"8293",0.100170846468303,0.752181774582714,86977.5572764629,0.00341023996112868,1.00199966239242,0.246183760245403,0.681354423412704,-3.40266723256558,-8.51128857398406,0.802429453590303,1.15559761236305,0.68925818614848,0.96201303115522,0.00125884698674781,-0.366126015585614,1.7625731431297,1423913.87813259,2.07849783480924,0.470087911196868,8.1244557860191,0.0190762024469967,-9.78204368040897,0.529508164519211,0.0440468688914552,0.37601611332735,0.514958886629902,0.0569644821041729,0.0541136887392495,0.0524522724535782,0.329914596655394,0.272523166857718,0.366388911953755,1,1,1
"8347",0.144368162946077,0.143457823999925,85758.6151275318,0.00981189562594984,1.33354171831848,0.201337666143663,0.578482070136233,-2.69424527230673,-8.88198562119156,0.981582560626673,1.78290888785665,0.928238599027041,0.930891526244231,0.169311721370032,-0.0540435378008988,3.48190696084872,1759533.37492654,2.05857511501992,0.59871532120707,8.81807427830063,0.0125252112733641,-10.0230182424001,0.668645729931071,0.645572644391796,0.0169696853018831,0.534860317230923,0.145826835845248,0.112477924484177,0.0931896967497887,0.579448419059231,0.208574098535813,0.303013091153605,2,1,1
"8401",0.128162378089386,0.845355951715028,94160.1552841312,0.010701652318174,0.691327522122418,0.171433858027449,0.837714912149822,-3.35921584318858,-7.83756851629354,0.868595945560141,2.85320176361762,0.707911751922686,0.794852597413119,0.235714358913829,-0.378618683524546,1.88294909150922,2531556.77506467,2.45272287273954,0.487297880119644,7.79788045577006,0.0173615609969748,-4.84199059887789,0.637991664544446,0.672019873482641,0.92045468856697,0.690848871570779,0.0602490904686274,0.136983077803976,0.0671225502787856,0.489086002650799,0.280154924590315,0.399098421644839,2,2,2
"8455",0.113652758812183,0.896003990714671,51996.0139881296,0.0084750352329947,1.30435841537511,0.162922535732578,0.64577185138769,-3.71829716449603,-6.8114857031405,0.735309917717706,1.7015864613676,0.803310665749479,0.779743153363233,0.0757227734505432,-0.32153278219921,1.82548028941499,2428042.04049753,1.89837299820443,0.580919441206846,10.5984951351304,0.0197247942134382,-6.54423600046895,0.127380012709415,0.595696364506148,0.810874406059738,0.489800557633862,0.12769182787824,0.140509414481581,0.146327637572307,0.379074609114195,0.180641215432144,0.558719916234398,2,1,1
"8563",0.101062658391078,0.25786970574758,98369.5504003845,0.00752509186187526,1.42840770466928,0.0645526487744792,0.767005473950994,-3.89948468900286,-6.86553818813525,0.811002796888817,1.21322722487865,0.713796397842467,0.772622120594606,0.105484356144443,-0.122460810479824,3.10723872011411,2081203.87288742,1.99360238787252,0.376161210852675,5.01675701224012,0.0307049228870086,-5.92696079844609,0.233408866993384,0.397540060833562,0.542356401305879,0.132182181272656,0.0518714442921337,0.0723939212583937,0.0622347009241348,0.441303883512912,0.298676531575969,0.328971096135164,2,1,1
"8617",0.164196744443732,0.590840864606434,54515.4333528189,0.0014624708885618,1.2935766645103,0.236871613777694,0.663134614683804,-5.89366017444525,-6.24094246129505,0.94614311710326,1.02177101035718,0.977524978511501,0.805549499753979,0.0948692015139386,-0.223419466665946,3.94137472859584,2495100.04727403,1.64193145745317,0.520964007564937,14.6921710765106,0.0269752343875421,-9.7470689423196,0.615074070117436,0.0545352758292574,0.77296647924697,0.135860371015733,0.129574112533475,0.0929105346170254,0.0651758735543117,0.389175295211666,0.171070660332218,0.441132717895042,1,2,2
"8725",0.154675901448471,0.345311102611013,25544.5635087381,0.00306935036085313,1.09196779504418,0.153390761581104,0.764714086315362,-2.04045572090428,-6.65012205913663,0.89234690223413,1.68635811696222,0.961116824808065,0.855474518931587,0.145865349578089,-0.427946820190409,2.10404520631186,2834402.38895826,2.14640024529886,0.356445437814924,7.15442041849019,0.0159725519141507,-9.40396497617476,0.716261414699839,0.695972220995463,0.388545484762872,0.240258720396087,0.142633547694888,0.13623109034251,0.102042470065411,0.325595966612885,0.292575586371124,0.507553698367206,2,2,1
"8779",0.148163310399861,0.539226203269791,73385.3130250354,0.00844404823109391,0.442958146843826,0.244536667998545,0.926520402254537,-4.13934507328086,-6.28280621432699,0.71331531188963,1.71299185314246,0.725337382394355,0.627602238613181,0.189648646639835,-0.262612889882876,3.34143950315076,1997750.78812148,2.86128813483578,0.419525870978949,11.0947038492886,0.0183609669824545,-8.65671401994303,0.466764069801429,0.0258941890881397,0.573779402645305,0.0921534466079902,0.0663253517425619,0.0825158230212983,0.139937662281678,0.518272114657331,0.228962598689308,0.311433837946784,1,2,1
"8833",0.129225520805572,0.806486647191923,33433.7401903758,0.0108403840438323,0.637007296691881,0.201019171281296,0.903739633252262,-3.79938446748536,-9.33657782303169,0.978760039161076,1.20906550896797,0.911667729128618,0.550522242437582,0.165920773000398,-0.413255090437015,3.03880616069073,1239662.69796481,2.73061700900551,0.434159654473769,10.4507839308353,0.0170333137837763,-9.83858935747296,0.203500049962546,0.582022577871103,0.361159036905738,0.388276584311388,0.0704912453045836,0.0951199874368031,0.0768924702112563,0.372852750111464,0.206898275722051,0.497586617024709,1,2,1
"8941",0.138787052325904,0.222286891600816,69283.0452402704,0.00189495480981423,1.07932329951529,0.190970914660866,0.880726697929786,-5.79469884831458,-5.42125429457054,0.809001429379685,1.89191692331983,0.674662506466731,0.540107843948645,0.130222634652455,-0.289306104000425,1.58313566261902,2884329.90748435,1.9862294918712,0.511747357386863,9.61821144497953,0.0216237292999073,-9.91836350138299,0.165265776093001,0.990817791729933,0.648711570912274,0.833614779410418,0.133391124064452,0.0892746247195173,0.129651668955805,0.358112661453383,0.260161756597809,0.30583151870477,1,1,2
"8995",0.131263472858933,0.629343728718813,76427.0851291949,0.00653838483313215,0.806883222487173,0.148433755447695,0.937517432143213,-2.60699370463844,-11.8976951941755,0.93982330259541,2.80098394976285,0.816535427363124,0.984908771201153,0.0398532506669289,-0.151476808323059,1.05200685895514,2318125.94970688,2.80083230757737,0.402399393920903,6.26799473274732,0.0127758856612516,-9.07878488497809,0.243524865777581,0.846267282585613,0.467114073086996,0.263723702069838,0.116636874529999,0.149894404954393,0.0948973178184824,0.38700183702478,0.176572646747518,0.390250597780431,2,2,1
"9103",0.126621348728077,0.0123040931485593,49134.1683865467,0.00170170944667421,1.0543650965594,0.199678258434142,0.894273391528986,-3.67450306722429,-7.35485840460286,0.954745128584094,0.488946478538853,0.791391596534755,0.519200174589059,0.157514009535662,-0.182142103250371,3.63812797563849,2557982.64825484,1.50776497579704,0.497543053161004,9.1697320165229,0.0285976400846477,-11.4160990263522,0.588001873322064,0.390140421191463,0.479330591679318,0.123178270260105,0.0766936033387901,0.103167079892824,0.0530317503265105,0.470216108614439,0.184290977170807,0.362103203662625,2,1,1
"9211",0.127463616258581,0.935922777382657,62167.745156592,0.0076640967342502,1.18548357126059,0.233939119114366,0.885580270683858,-4.38125507132616,-8.46485957888886,0.864002396421973,2.59050042832327,0.841129349512979,0.52388731377956,0.211722285452706,-0.0279713465453824,2.68269310688251,1474950.00877418,2.62576865796174,0.492797300716862,10.4371517435182,0.0160328509824747,-6.41505566751584,0.155959902753471,0.801620159280719,0.824771478091134,0.367087091937428,0.0940268597494578,0.0630168507320341,0.0953996119945077,0.316598897648766,0.260837948702043,0.464618243864737,2,2,1
"9265",0.166757149053505,0.405082310264697,61003.8716186245,0.00580876887789229,0.926775339972111,0.0653514496370917,0.855660621719435,-5.5297980255913,-10.2863561684359,0.711908912908286,1.67065283966658,0.901521450376604,0.741358730289503,0.20805656649376,-0.431394089517999,1.40040750756627,2989708.22836272,1.64759564953158,0.526336967729498,5.51737359620165,0.0250769655485492,-11.4772514594719,0.110455830364488,0.532811805863166,0.300849867060315,0.279079631349305,0.141324296598672,0.117130511500989,0.106524055865244,0.520693640699692,0.152893572509405,0.444800897025177,1,1,2
"9319",0.141714722417644,0.513029077894753,67808.8998639141,0.00657080818298156,0.722003164785332,0.0981280333878385,0.721650190411019,-3.27165048972704,-6.07016530904919,0.788478885983815,1.65214646622361,0.746951847083401,0.716845215357607,0.091870077267231,-0.338911306650843,3.6540492492239,2868112.32967302,1.96717073529493,0.564658664640854,7.45187131636776,0.031301747285657,-10.9603603228554,0.562682109888643,0.62483298195526,0.25429659579182,0.129415708468296,0.0931661580224754,0.0934453669697978,0.0888011557352729,0.532689340501232,0.18936680627754,0.422949644986494,1,2,2
"9373",0.163301340998849,0.928387963880086,69086.4903063339,0.00381318427753285,1.45677849326527,0.0947191766637843,0.760121929787565,-2.09192439081613,-7.61074144462123,0.935603959837346,2.26549019244244,0.776704277182463,0.742790945465676,0.114156166277826,-0.0257816860021557,3.83363524266984,2698552.25177249,2.70311803958612,0.583999981265631,11.5254347305279,0.0226974261216179,-7.69749848876149,0.130868468655855,0.902099397632992,0.3721791179711,0.970659443176119,0.121112307792879,0.125829165506293,0.0822816466017393,0.313367775301612,0.218596760019602,0.374974234695546,2,1,1
"9427",0.125523063333705,0.737546298482921,51041.3491505897,0.000917622507616179,0.645004094535718,0.143660463248962,0.600322099772748,-4.66743339341134,-7.69780162689276,0.846525017599226,0.6779966243149,0.876147994517349,0.958112010695622,0.247317817656731,-0.328928210025188,2.33380696641863,2020646.81973774,1.93626900552947,0.346544908734388,8.51702549672918,0.0141887841600092,-4.63736934300512,0.436557948220521,0.31968860093737,0.93854938329896,0.65626343977754,0.122296556561603,0.0769122146292357,0.0779324505242985,0.328258357505756,0.255798263057484,0.504848392256303,1,2,1
"9535",0.165189733166364,0.770835715326248,36880.0781362515,0.00587153465172858,0.659349820118514,0.102962448394246,0.846014693386387,-5.57253525403328,-11.2003432124015,0.968501285537728,2.47075279703772,0.636758991918527,0.525883405589848,0.120054200052982,-0.129595392613555,1.72340734506724,1861843.74690056,1.65255253504089,0.344230206940672,14.7183688352583,0.0222890581519216,-5.75759639749303,0.134758300815825,0.548493810882792,0.259295130874962,0.0337686861958355,0.132081819948857,0.127250244707917,0.128361530297785,0.531556799659366,0.271825295147777,0.457595823324099,2,1,1
"9697",0.157345917335246,0.0615342379873619,66422.5377469265,0.00515932306253817,1.43930144253734,0.186162245299784,0.511711039566435,-2.99637343563605,-4.76005587122403,0.827455810873653,2.91125863072185,0.996341480180155,0.71768194128701,0.0733815389705706,-0.0796521242265589,1.56151318026357,2758893.74042861,1.79477787347802,0.334740695366054,6.17421102955705,0.0242227302308485,-11.3620191201288,0.658667669488699,0.666767948536435,0.220523676297162,0.250278084991733,0.0947569785483647,0.130967634716304,0.0703623820008943,0.537181883678283,0.167300500719866,0.298157247780915,2,2,2
"9751",0.195316496164887,0.967588284177473,28894.4399685715,0.00824413730520755,1.21075096592051,0.173825337283342,0.634181059682742,-4.01491752477363,-8.95972433594055,0.876831650846638,1.76333617664859,0.984184423005208,0.686810141826281,0.199482149310061,-0.219277478198637,3.0108764983702,2529096.23787506,1.59160937250475,0.522399496772443,5.85764983579284,0.0235478856059321,-9.38975985579193,0.702202339768526,0.551554814808769,0.0258730511809699,0.00652099337195978,0.115856730503612,0.0698506336322753,0.146732917257468,0.446972608994541,0.24007553337951,0.525652212932846,2,2,2
"9967",0.15370406813547,0.398911645218031,63705.2614757558,0.00316778981536045,0.993251024919096,0.203335563199216,0.711595024074195,-3.83073949956335,-5.44925508817658,0.898198768683709,1.74842558034411,0.951976634168532,0.720831024018116,0.134266179965343,-0.14031763475039,3.05747663434595,2178361.78532336,2.65803532719263,0.369152426057495,9.52095123939216,0.0167099015453005,-5.03661771168932,0.269289077291149,0.779465834986186,0.642473230791511,0.0249085405422375,0.0634586313207401,0.103906888302066,0.13083714277402,0.292865261793463,0.23677092875872,0.473026992336754,1,2,2
"10021",0.186716035896912,0.451655416910071,30858.2510860579,0.000342804585392587,0.797120856725844,0.0884735141213605,0.549102518246509,-2.30323067596648,-5.60967159311287,0.760589234150364,2.0274416527429,0.882704923018813,0.755585161724593,0.215305089854228,-0.360842951812665,3.42371496235486,1514146.93444967,1.884516922154,0.416150610440411,14.881375122373,0.020206470255473,-9.97636594763957,0.221819921759889,0.313701167209074,0.383056445245165,0.484567952718353,0.0963728939794237,0.0557018020278774,0.132791871235473,0.508283645750571,0.231602953768743,0.337776290762052,2,2,2
"10075",0.107345697624143,0.167949268904049,68496.7359628354,0.00111427830551751,1.27323340407235,0.14195900307066,0.759180885223905,-4.49424650756642,-8.34567194132134,0.814503231676528,2.77201976332348,0.729695485827513,0.803102763263159,0.170827211904689,-0.297122203753679,2.25955555926193,1389947.20387971,2.72277833674278,0.462144593574805,11.1782931471127,0.0168497059712152,-7.73023114549927,0.366406275793677,0.727905030447291,0.367230925282929,0.611275469179964,0.149208862208528,0.0942956782933325,0.0737987858542474,0.549666559068661,0.265360965019616,0.346239397108322,2,1,1
"10129",0.149559741300996,0.0525688026216812,39900.8139271755,0.00503062659377814,0.493624082055059,0.0638594731782359,0.971332459728001,-4.41252168318257,-7.59576982368715,0.888924919211306,2.85336384569142,0.716840814724565,0.581208072211593,0.128080231831991,-0.445280054563773,1.8588834619883,2410721.83388518,2.42578016699175,0.396309468289954,6.73767533147475,0.0143010830981109,-6.3623250420019,0.484743586039636,0.579497270429274,0.0750229409674648,0.0610307501105126,0.115377965136664,0.0602616349975579,0.107958451723214,0.544249746475101,0.268543744297523,0.475207423413033,1,1,1
"10183",0.125234760906082,0.842684998882469,69805.8961565839,0.000874225056640571,0.849381179191638,0.161124983741247,0.823689962785575,-3.19754651328549,-5.90844632382505,0.926444690150791,0.349870054466698,0.952356030927505,0.872130165406852,0.103347524119599,-0.397923440869199,3.52445014829631,2736979.88911532,2.46646337784128,0.514256959548569,11.4949518545065,0.0191135940393467,-5.42658657737076,0.37951184186188,0.511661214669002,0.470318298829952,0.255852804724127,0.142171484606224,0.118935762953246,0.0577383313447936,0.57716186979661,0.244379725086561,0.327420961005101,1,2,1
"10237",0.162649559885147,0.125234688111814,52773.7320070737,0.00960371727512917,0.980943826121278,0.156058241850696,0.796611624789657,-5.68982419912238,-4.55046201071702,0.78641466962744,0.863827249135806,0.855282886274625,0.702511223795591,0.112576641482301,-0.376758593593258,3.04790811424376,2398905.28263059,1.86265387109946,0.518213095768355,9.4756696333643,0.0127210509662879,-7.66082508488558,0.536976599562215,0.771893852009671,0.318924455321394,0.116713346973993,0.0913919211699395,0.131470102182473,0.139301008635084,0.571236072923336,0.262665317653329,0.378095145149855,1,1,1
"10345",0.167712068212568,0.437061750201974,33736.2227314734,0.00662700666835881,0.887132193397498,0.0677041713365907,0.611167554358253,-3.80760278415866,-10.8252828980889,0.900493438185309,1.46113808442333,0.84340621127421,0.87667541056464,0.0697026483624359,-0.0995273766457103,2.04892864417401,2294674.54345664,1.69921291049919,0.459459947727621,5.56314915503608,0.0214552124149937,-5.62264099459164,0.549107336415676,0.389039686281467,0.530395936121931,0.191560054102447,0.147097276801243,0.0718738081173506,0.0982982005537487,0.526753712280316,0.232632209572708,0.522239130031969,1,2,1
"10507",0.147957272723783,0.65830351253855,41171.9621361699,0.00553854585223948,0.408451283447328,0.164698143976493,0.842508945870213,-5.4684048240073,-4.27906828376465,0.818278479718603,2.86828916658398,0.787389408442192,0.624426298564649,0.0194207431765972,-0.492023974643671,1.30487499660812,1598106.95202788,2.81048296666355,0.52665257388039,14.4288960382692,0.01302973227335,-6.99305139183067,0.600602945855237,0.0637119504343718,0.862796819709474,0.373089800940361,0.0976549557942199,0.113257045476232,0.128578544620075,0.443282044679858,0.206068410573236,0.543499055064889,2,2,1
"10561",0.124908693395089,0.326499208656605,34008.6508350505,0.00428460797370528,1.12753316782252,0.230066125007288,0.516889332642313,-3.48314398147631,-7.72577588652261,0.913007472265512,2.48311084792011,0.939729244546965,0.989762748261564,0.123820378087403,-0.0713639286806574,3.14045430401806,1959310.83340198,2.74559820295195,0.458329548967886,6.88815508765401,0.0124869585555153,-10.7427520195767,0.50006655157893,0.14911390147754,0.700471521614818,0.107098934222013,0.134192398564541,0.071375575129292,0.114438962782035,0.296680576077837,0.274181460409483,0.547907219126634,1,2,1
"10615",0.181500379921519,0.0202843589242548,37658.3633902774,0.00739943247490446,0.474566320864717,0.132464658943427,0.84969782311935,-3.65623015746009,-6.55769854964688,0.869980247572879,2.38842847504833,0.709727468035649,0.866822844292619,0.237887221729907,-0.202426576177822,3.99307757174945,2270264.57892498,2.62193746614852,0.451946350912331,13.19137327387,0.0179463006097906,-4.40140402334742,0.533035482837586,0.883592429911951,0.525646947041387,0.678593504152959,0.0564150855505141,0.0981672445595032,0.0912559546164703,0.533790971904725,0.234273161629506,0.527720849552425,2,2,1
